event_id,region,year,split,duration_days,era5_precip_7d_total,era5_precip_7d_max,era5_precip_onset_hour,era5_precip_intensity,era5_window_mean_hourly_precip_mm,era5_soil_moist_mean,era5_runoff_total,era5_evap_total,era5_t2m_mean_c,era5_wind_speed_mean,emdat_total_deaths,emdat_total_affected,severity_score
1,west_africa_niger_benue,2000,train,7.02278296511255,565.9295613798544,149.35101691303473,13.560958380868612,3.357700004110743,3.368628341546752,0.2426878542028439,1.4025934209046866,3.543050820063399,35.43085672288585,4.100674778523135,60.079180997916254,3094.417490472489,46.541390570844015
2,west_africa_niger_benue,2000,train,7.765692288504145,174.17381388198436,21.046002940213405,50.59353796529017,0.93452611505427,1.0367488921546688,0.18494308640101725,0.27409089281949245,2.471765031600265,27.672963947268627,4.222450462194903,3.086958015392239,4590.821855768881,15.027090475180913
3,west_africa_niger_benue,2000,train,3.0293653291858638,300.36088615624305,50.5524668209708,33.2327261132729,4.131240561381941,1.7878624175966848,0.25672554278878806,0.4735139706148161,3.379078184459577,30.170457586450603,3.8396554049135743,33.613263741933224,367827.0413717788,71.5036371546701
4,west_africa_niger_benue,2000,train,7.138211764355718,210.68349886637586,59.345521826596446,20.866840293737532,1.2297868722902277,1.2540684456331896,0.2884477787747388,0.33118122699781255,2.961286005966467,25.833948951744972,1.8214425675912618,59.62180232623057,1299.1522890752024,38.991502075464645
5,west_africa_niger_benue,2000,train,8.565968049706347,390.854422738275,48.58203689017732,18.032866268766107,1.9011979560192753,2.3265144210611606,0.2557679669604061,0.9354951286860566,3.0367647873573924,30.052393472505415,4.56821658299901,144.26224224378996,55268.39230114929,74.3666118624413
6,west_africa_niger_benue,2000,train,4.381913743599214,193.15151669909244,43.530499539402506,33.40065340843164,1.8366358475718736,1.1497114089231693,0.21559928284048377,0.2708932123959023,2.8200342942252785,27.985185634929003,3.139110890715032,121.99110441554707,2693.8213408959323,50.11680431592961
7,west_africa_niger_benue,2000,train,5.418686254186745,409.48099452134517,49.70752716777396,23.05964883565137,3.1486798284128983,2.437386872150864,0.22173223148296703,1.4978269900915722,3.264035757359951,31.614623241722025,4.030425306182444,107.54379514851409,8307.942574790126,57.93883189560867
8,west_africa_niger_benue,2000,train,4.368849256337902,215.5679898696555,41.76992435673867,50.24336883130211,2.055918858924258,1.2831427968431874,0.24758441612307755,0.4297298780194778,3.2941649285943644,33.685103041717326,3.065898255460171,12.557290694408971,78453.51733001583,48.6696759851547
9,west_africa_niger_benue,2000,train,5.293931787762627,267.5175763853006,41.58621937098562,37.351962606288545,2.105536325286074,1.5923665261029796,0.2572733531362841,0.3081905504171545,2.7847664116368676,31.26918770450805,5.299046460084721,46.86168557145322,11874.646175315283,49.8671427844554
10,west_africa_niger_benue,2001,train,1.0,331.1691559346386,69.87128404931751,31.41356978861972,13.79871483060994,1.97124497580142,0.21922348341730027,1.3677041043490112,1.9511971307697327,29.93317554200659,3.555183262710648,47.193763062174945,542.7227501978887,34.89013637246671
11,west_africa_niger_benue,2001,train,1.2100135161999255,229.24893860233803,53.661574148818424,40.25144651848842,7.894159016032436,1.3645770154901073,0.2465794846601002,0.3921486029533113,3.321243948319561,30.532084976946003,3.8240547071120203,25.41438366198398,377.75987205026763,26.210515552249554
12,west_africa_niger_benue,2001,train,5.260261548190004,197.4784725704265,30.94725692458515,23.546462209849903,1.5642320472193425,1.1754670986334912,0.2445342545332279,0.3563203334300921,3.826353336132482,31.53556166544916,3.1518929425409166,28.78791172036283,43.916714083229564,25.042164763332032
13,west_africa_niger_benue,2002,train,1.0,262.8554675308661,38.60588335897823,41.187552379441435,10.952311147119422,1.5646158781599173,0.2813980060140763,0.5548869254821868,4.66460309780828,34.58387634522042,2.192510876890113,17.87724940929201,9775.562814635447,38.14560482040991
14,west_africa_niger_benue,2002,train,3.239996647747544,291.22157780706596,51.3349882588403,49.47649094407289,3.745137334343696,1.7334617726611068,0.17902985847504407,0.7433009493023199,2.8112840261400684,33.168899028109166,3.9517224347151156,20.43492552111736,712650.7831418575,70.97000014236913
15,west_africa_niger_benue,2002,train,4.5711065738928225,410.05954223908714,114.83549354333802,77.53425368363855,3.737785147593142,2.440830608565995,0.2966857119252593,1.0482025697633655,3.340747826981282,31.688344542283456,3.618784970879042,2.897636497265928,78538.34901465975,36.85093680989545
16,west_africa_niger_benue,2003,train,3.086882766782578,156.95499294702492,19.428409967486438,42.431980774951434,2.118574583773084,0.9342559103989578,0.3091544759583311,0.289541381526159,2.1703808719276716,31.94940981658839,3.3655202478531487,2.138547393071006,139.29337552152015,0.0
17,west_africa_niger_benue,2003,train,5.332241184663995,177.44229235428097,23.539907537002296,47.03510580662823,1.3865518441587388,1.0562041211564344,0.22875589657096967,0.34691299554692356,3.683020951729825,31.736752196824398,2.6580133253857694,364.7898789630574,256.0538812227527,53.993356881685074
18,west_africa_niger_benue,2003,train,2.2525004512760733,258.32721695492603,53.59565641453614,14.943206860843123,4.778526918248045,1.5376620056840835,0.19863477179027525,0.3178911008310371,2.4290435764126266,28.281517575895293,3.6441606213131617,6.3125075548949745,451.22734095503614,12.679176673329136
19,west_africa_niger_benue,2003,train,4.399416188426831,248.21829687788932,32.436774224717446,23.106429086168475,2.3508639768580357,1.4774898623683888,0.23190404659277392,0.6218708159407481,2.615958542139592,29.667436636386938,3.2003810293871893,3.1969705462626044,10298.694658391554,21.597049036171953
20,west_africa_niger_benue,2003,train,9.407937615669336,450.4130508103932,114.59933891489425,52.40935610564776,1.9948272636476065,2.6810300643475786,0.28411150505284594,1.2595578534795835,2.927464115130547,30.918462103117474,3.0043004015222587,53.14737330169772,144424.0573991756,70.90136433852327
21,west_africa_niger_benue,2003,train,4.96882828101414,250.89043673225189,68.27394099919273,48.87733306286692,2.103869887619369,1.4933954567395946,0.2132120254635264,0.7409767413707626,3.5201302531415686,30.43979461696044,3.5262487230517654,64.59195655999795,103264.16953662042,68.68108291714951
22,west_africa_niger_benue,2003,train,2.5785802790252923,162.19070822798798,33.72746144661966,44.34902534401672,2.6208011560224453,0.9654208823094523,0.255292634606358,0.2629058806345684,2.5686891702096153,33.9228039002163,4.778712013047617,223.2431796303332,14728.07390615879,67.03364506428515
23,west_africa_niger_benue,2004,train,4.200747485141523,296.95350845135863,80.16901308148377,26.76755597336475,2.9454431374189336,1.7675804074485633,0.2726108173742089,0.5438395338513491,2.9089545801561716,29.244068521277022,4.899597385239527,196.70719614057606,121081.13144754224,82.64970546467403
24,west_africa_niger_benue,2004,train,1.8377532590842747,302.0009249690694,85.07926916003672,31.540359782325833,6.847149807249606,1.7976245533873179,0.26478367038161854,0.7921631138838164,2.791717274546214,33.95469383486298,3.54628835890634,27.825906063529008,4374.199828148422,38.1326342136519
25,west_africa_niger_benue,2004,train,4.705671663851087,258.5406377378153,43.7490886203486,31.638854205794377,2.289264390281071,1.538932367486996,0.22422820868851387,0.9671493583271572,3.071129034455957,32.26737497879824,3.5619297705242783,0.4109845907892147,5000000.0,54.77364811620619
26,west_africa_niger_benue,2004,train,3.286435177897302,280.17144266933474,50.935095625030264,61.903372811952394,3.5521193875155985,1.66768715874604,0.21718889599527144,0.38387792108715757,2.680096512070383,31.049494488611955,3.630608299555846,73.52902767643712,10638.767053150561,54.18923625738088
27,west_africa_niger_benue,2004,train,4.762291701131067,224.78683110592158,64.3380717002057,48.04798712228057,1.9667249615394693,1.3380168518209619,0.25667422225315834,0.5006658563981675,3.5029775506093617,28.7421447288286,2.1215424230178552,144.6202895851069,116985.94210929275,78.1313979917632
28,west_africa_niger_benue,2004,train,6.478275536671355,203.5805897645194,29.400096929990244,35.72802297260424,1.309380023357281,1.211789224788806,0.2397363957336228,0.2790587293820045,3.1173292921204308,30.15630701389122,3.662425919226022,10.208639046465159,28730.651114506003,39.09434532137581
29,west_africa_niger_benue,2005,train,4.674409217007406,225.53971891710728,50.18030614965736,19.58681074746174,2.0104119797686755,1.3424983268875432,0.2187925149672466,0.3232859372151468,3.2818767326333886,32.01556358263129,3.964225501971394,9.520252922178654,6453.0245521271945,28.43903278218391
30,west_africa_niger_benue,2005,train,1.0,313.17340811927323,90.86885314826121,57.33078427095295,13.048892004969717,1.8641274292813883,0.2672883121785654,0.26664447483347975,3.368851294378464,24.410756466421482,4.231741569745377,1.1475980310089555,763.514314520467,1.104561329042341
31,west_africa_niger_benue,2005,train,1.325946337707797,324.77007076487627,67.80380342937279,18.42762554116768,10.205606288157307,1.9331551831242635,0.2570318962776219,0.39094819282185383,2.559680078955133,30.47000980009518,3.483915983214779,136.68454125575107,71584.4913293528,75.05655293355483
32,west_africa_niger_benue,2005,train,2.892955638120191,240.41737219081716,42.275525056132686,25.21339030365365,3.4626837604948206,1.4310557868501022,0.1953210519831523,0.5156213606579579,2.824316510254347,25.28103942959705,3.9797908923997665,85.02486529100847,1163.9837680944245,42.835054546442116
33,west_africa_niger_benue,2006,train,4.109923122010958,226.8082224967063,29.011425824321083,11.382179006015782,2.2993964420934083,1.3500489434327756,0.24095401831006327,0.3686858449189706,3.2816789977257224,31.972617870997183,4.148602061651718,44.27852844150292,67.74284241749778,30.28166049928574
34,west_africa_niger_benue,2006,train,4.68498461766868,179.04016742589593,52.58163877054773,19.530833922749082,1.5923226189355582,1.0657152822969995,0.20838191895892255,0.6010770132356458,1.9164654561860588,28.978562133227193,2.9527311902628455,13.65932683491504,6404.815327854933,31.3955695956935
35,west_africa_niger_benue,2006,train,6.597206339005787,368.35481770381995,93.58393358706995,67.17693569810143,2.3264570813225203,2.1925882006179758,0.23771050776783628,0.7389977995415683,3.956847605708525,38.06272068809948,3.358500450328568,43.7067484965065,9464.543356021022,48.59442020814898
36,west_africa_niger_benue,2006,train,1.5187011216034678,469.43300724072856,121.28692283217443,14.771633909043867,12.879234996797077,2.7942440907186223,0.251503772109504,1.145428322560513,2.960211184981172,29.336629901548303,4.42330299405905,21.498952608130107,42526.90753048349,52.32837208719612
37,west_africa_niger_benue,2007,train,3.60831365936801,188.52441663912114,51.70704556752803,32.41810946813907,2.1769681818641757,1.1221691466614354,0.2428816441897724,0.5300143562369423,3.4604020592529334,31.67973134081241,5.358867449389394,92.36519549441324,2757.957786017726,47.10816406667188
38,west_africa_niger_benue,2007,train,3.235300906577347,379.03192320137134,47.22784685063921,55.36793165732389,4.881461494957107,2.2561424000081627,0.24351139474366054,0.6312718723410949,2.867597523885982,30.48957263219404,3.2963363553714213,98.38701141602456,20780.518045540477,63.007818058264306
39,west_africa_niger_benue,2007,train,11.336859009255106,263.91419800174856,51.06819146481065,25.054442032151172,0.9699710394000965,1.5709178452485033,0.19088083916072124,0.3270220624030752,2.4379318942565344,29.75997230045042,3.4851694637980546,57.32190873104965,1784.9117496936094,40.67136303857739
40,west_africa_niger_benue,2007,train,3.235578996071485,229.37323904709115,36.181482719777364,39.408819717248285,2.9537891997793295,1.3653168990898283,0.25779120267409833,0.6224808450144105,3.353283412305534,29.833396975491098,3.1572718225882754,16.354001191992346,12478.337731658155,38.4496332459445
41,west_africa_niger_benue,2007,train,3.9983979098778555,253.38846332493515,46.63295416394047,14.626099942201531,2.6405207476865376,1.5082646626484235,0.15770264312125593,0.5311658456022446,4.219138690588935,29.20793026283735,4.173487780593563,251.47723943643652,8541.80640279443,65.97253002544508
42,west_africa_niger_benue,2008,train,3.117289781711186,197.59909724629074,46.70388205153732,49.44555786977218,2.6411711118097956,1.1761851026564925,0.29995236641776135,0.4628317362070016,2.698039157991128,27.692902579003587,3.2167558058550085,25.435976677675367,44607.93053809217,51.721312661603626
43,west_africa_niger_benue,2008,train,2.2336218061974495,148.6266326820829,30.867549215744134,45.24242830963199,2.7725268192542085,0.8846823373933507,0.2577723885979956,0.16879477287185218,3.954226779504239,31.732105468644498,2.3575298918355507,4.588656848589225,51154.45968798664,34.61592650960567
44,west_africa_niger_benue,2008,train,5.908426669500455,161.90863313872694,46.45324564437661,48.82901825878863,1.1417917873587373,0.9637418639209937,0.2782065100599901,0.5768717868434384,2.2658530092856917,25.715225116195064,3.4461141123081362,276.6414976100455,40106.77991077605,76.52750933396486
45,west_africa_niger_benue,2008,train,6.584404291766619,158.7672311785571,33.41781796650058,59.224748849951226,1.0046924529495493,0.9450430427295066,0.19487856334276438,0.4077121215063215,4.25371452170392,27.126692430906758,3.642808422686366,48.30440535217187,21657.274553562656,52.83373653149507
46,west_africa_niger_benue,2008,train,6.8217617516861715,196.23184432771,51.23875484688642,39.135568500665926,1.1985652892329361,1.1680466924268453,0.26145218792779124,0.4147064275836748,3.6375266139840647,24.65617042583004,1.706272051464799,35.38271975481274,28167.95434277735,51.938351194890004
47,west_africa_niger_benue,2008,train,4.0627440138146165,517.9100148393261,121.42086742872135,12.252561971526475,5.311578548454238,3.0827977073769413,0.2569385242478269,1.5837098217031944,2.9693717771398056,31.47418152600225,4.4736961899481855,134.00115140905507,92139.34349925352,78.22731179189756
48,west_africa_niger_benue,2009,train,1.0,66.64108654721977,11.389115506656413,9.099670729983035,2.7767119394674906,0.3966731342096415,0.2801312516420186,0.10086082392538115,2.3501689412705438,32.71592846050786,3.003523808674589,6.44179238869126,62719.18047950603,37.312345243843765
49,west_africa_niger_benue,2009,train,1.8992158512430959,257.4547826788027,68.72941017547589,9.705898459240583,5.64826931314597,1.5324689445166828,0.3058813558118244,0.7529806654186646,3.2369513523252538,27.976168962462303,3.895632406431572,18.79226881351397,65821.28294563403,52.13686792789694
50,west_africa_niger_benue,2009,train,4.6490014892904945,368.34237805628135,46.60996810050968,47.26972512935101,3.301267835906987,2.1925141550969127,0.240475887827711,0.37930996575518844,3.3935330670120387,35.43380903907676,3.2105664602785553,36.07047761777913,7000.492832228355,44.52049665648846
51,west_africa_niger_benue,2009,train,3.8652465577619406,317.3105466701005,65.83669132137989,45.03657399607532,3.4205509481331124,1.8887532539886935,0.24189055525845618,0.6542579595271976,3.277707215270421,34.48019937159163,2.95489468835535,8.099667134828177,42194.88968758796,40.919301286979184
52,west_africa_niger_benue,2009,train,3.1519424052463343,258.2524152572458,47.86841905591241,36.99271569082889,3.4139320834272264,1.537216757483606,0.21732650141609522,0.6957417022998899,2.5828786212944195,31.30063262989803,3.4766297165145263,9.800320577389167,182612.46493451874,52.9044663826788
53,west_africa_niger_benue,2009,train,3.903282940768831,530.1081846382923,124.88682858772464,6.0,5.658785530480878,3.155405860942216,0.2786246580124666,0.9363567989132738,4.077837434308495,28.86539115244181,3.9883982720188396,50.595989889594655,41924.86412917265,61.86533628528407
54,west_africa_niger_benue,2009,train,3.202359754288163,238.49270363493432,31.397943589129994,41.29599500958505,3.103085457991531,1.4195994263984186,0.20876908352820148,0.5332819675896198,2.2086043001900055,34.227255573653196,3.965199363467989,29.30707880183763,3091.520907585146,35.93044344325043
55,west_africa_niger_benue,2009,train,3.586356647456932,201.43728057737343,53.40060239556359,41.27833540998675,2.340319396290053,1.1990314320081752,0.2583926429904556,0.5184677394138081,3.6723396098410093,32.65541548152313,3.501208303457631,6.203129385046605,243776.68832368669,49.77607118696022
56,west_africa_niger_benue,2009,train,1.0,502.280456652909,116.72744472787465,27.030477013382416,20.928352360537875,2.989764622933982,0.23305788398344043,2.1159399066387845,4.182140095733834,33.32582672631237,1.7069172053352615,15.822298868109353,3217.965334774525,32.01648594544569
57,west_africa_niger_benue,2010,train,6.896259690655233,275.4153886781069,54.07242767800125,34.20508600490073,1.664038436729866,1.6393773135601601,0.20461379426119441,0.30482980297956724,3.4703789255284634,33.38719053156956,3.4997074486282016,185.2171514737195,6069.739231269465,60.623574085294656
58,west_africa_niger_benue,2010,train,1.0,355.5365120298921,52.48894949503074,66.78027756227661,14.814021334578838,2.116288762082691,0.2124383849377558,0.7799565158089362,3.47729572184296,29.120067950949135,3.6983827020507496,18.99964520018281,3232.0916137503,32.820466382361204
59,west_africa_niger_benue,2010,train,3.8619262090224704,278.46222443656995,40.760187751959705,6.0,3.0043538008961406,1.6575132406938689,0.22398075556118457,0.7471888417262217,3.665323728356258,33.67185322305959,3.456779565588497,106.30082947964745,362534.98747193534,83.74021119692944
60,west_africa_niger_benue,2010,train,4.306644778481226,230.46730869601032,32.687477197293596,29.43804355455976,2.229764706154135,1.371829218428633,0.1650702576317507,0.7367352509557713,3.3196518660800765,25.595498070030544,2.5004214144566808,42.70154860260797,836.7282962286099,33.9579578306886
61,west_africa_niger_benue,2010,train,1.3246308539309117,199.92311547565473,51.93734917894725,36.380261964513025,6.288642444621847,1.1900185444979448,0.16810179059585362,0.6280667384126483,2.624420688693647,28.739957949123593,5.187089050969384,18.647860342273745,4554.251226876151,32.84433602388173
62,west_africa_niger_benue,2011,train,3.215670099747602,398.83338027498473,83.11850761373925,14.711762764006014,5.167836561580756,2.374008215922528,0.21369236942611736,0.6879886105576749,2.3111231892796535,30.375535799517827,3.090549103354376,5.372198528308479,7357.362688023439,25.521062567756605
63,west_africa_niger_benue,2011,train,3.664051572407428,628.8046879592484,136.56885982589196,51.07085405892782,7.150607684929712,3.742885047376479,0.23096733662839677,1.348380891728798,3.4710077253293763,26.011819062463,3.919150697134661,9.534125732545416,5832.8046053436365,31.151914491378285
64,west_africa_niger_benue,2011,train,1.8484575966506278,271.25164090321056,61.99359776089666,50.48482744094808,6.114368933742238,1.6145931006143486,0.3296813401354158,0.41157470529837553,2.9700726494903162,35.14175002333822,2.104828174521536,10.125978792107027,259306.69933636693,55.97586270221158
65,west_africa_niger_benue,2011,train,9.739303824195403,194.60295674609387,55.14486419946984,18.36490130278107,0.832549910902601,1.1583509330124635,0.2408990459892849,0.35651012823190004,2.8726403007355668,28.518248772171514,3.5861469952579084,12.603983708374667,1780.9711626650405,23.547172736644015
66,west_africa_niger_benue,2012,train,1.0,264.00868681358793,56.15205286547638,34.6118228831981,11.000361950566164,1.571480278652309,0.2938585534478906,0.40492680775135304,2.5701818875830114,27.483836402756385,4.4581063779374,51.22188695012679,11082.809081983189,50.324961284989996
67,west_africa_niger_benue,2012,train,3.253441175248463,170.94089533965234,47.45215424805083,46.504143274342724,2.189231930795523,1.0175053294026926,0.22205475087836102,0.4943438598252643,3.0309252292261584,33.61834470150885,2.3400215813004595,58.654986481941854,6487.21559213535,46.9533639442322
68,west_africa_niger_benue,2012,train,6.013283978782365,116.15984942772853,23.98451555936881,54.80913265448348,0.8048836115561949,0.6914276751650508,0.19243532218934256,0.20653974794029378,3.423453794856256,25.135265724408,3.2404974559098685,53.9716318564911,2524.251452887752,39.40072741326021
69,west_africa_niger_benue,2012,train,6.35472493987017,209.35169129326846,56.7635219155171,26.19947882743807,1.3726773730977149,1.2461410196027884,0.25902092330889637,0.3068655217933313,4.356043736557211,28.293237314941077,3.6885183659670933,134.69628172027126,1605.5633429869563,48.861530425333044
70,west_africa_niger_benue,2012,train,3.9237247498165484,358.74710835374634,58.014828344921554,26.866540501391086,3.809593469089536,2.1353994544865853,0.24011084935178387,0.5425861831931862,3.8123791107678957,28.919138177273624,3.6630151493169834,47.54191462581845,915848.4975584534,82.58794418833928
71,west_africa_niger_benue,2013,train,7.972377494025533,202.72215074474053,52.00638220613844,41.528345555186576,1.0595028004332232,1.2066794687186937,0.19184900525250284,0.3344424791830532,3.3614973048940735,25.328550168759513,3.2165196966864165,25.11520105972467,3020.0947378181436,33.65350233358716
72,west_africa_niger_benue,2013,train,8.15195478047151,512.2240237890728,72.61458202041409,6.0,2.618104274695642,3.048952522554005,0.18393570303789353,1.5063979344227059,2.5086417573934603,29.304765912481336,4.613758065922924,65.01312661118838,93737.60719036956,70.35941882838691
73,west_africa_niger_benue,2013,train,9.468195558895385,291.449235427629,50.89609639400681,16.596015042302213,1.2825799876312052,1.7348168775454107,0.24488837670445332,1.452562978335806,4.41109695319678,29.227067683062412,2.2079665545082934,27.053249488198666,38197.93748425114,52.45018335171702
74,west_africa_niger_benue,2013,train,4.277366939170867,366.4361852647755,65.45941897415086,28.024504792252124,3.569526440720076,2.1811677694331872,0.2566447667543051,1.101547673514128,3.9454622097478786,29.27899122714112,3.3310968004429524,131.4833401096855,119299.25141477399,78.76508851881322
75,west_africa_niger_benue,2013,train,1.0,348.08701477003586,65.03848683501587,49.39505805577404,14.50362561541816,2.0719465164883086,0.28613357502611364,0.7541688525406399,3.2756750031434394,29.986390339598064,3.802574801445945,3.215656631307163,3305.07192251718,15.563142731281092
76,west_africa_niger_benue,2013,train,3.85467307976638,359.59377709842477,44.677750092599396,36.40821197398829,3.8869895671349064,2.1404391493953856,0.2544465194999722,0.5445902598509371,2.5802983624811873,30.923767442727407,2.120542474749606,19.327865753930077,765.5267306835208,26.556377430918204
77,west_africa_niger_benue,2013,train,9.742341984894427,444.27527008576646,80.58300131599492,52.410624731135925,1.9001046786911304,2.6444956552724195,0.2202714756759293,0.6569526779953501,2.9179526911700164,31.102911691903277,4.003097792310199,9.184674748497251,3780.6696972417476,26.952545460214427
78,west_africa_niger_benue,2013,train,7.557926673964953,450.9115818236438,122.68206738894666,31.493897518480264,2.4858646274916585,2.683997510855023,0.28071779011648507,1.7254980944263143,3.3618383227420416,31.494255040324816,2.7923861827007266,105.13375079783137,36480.535983818925,68.33710014931856
79,west_africa_niger_benue,2014,train,9.454901757596499,282.2948437689056,77.37204809550872,63.00826177010332,1.244040970345078,1.6803264510053904,0.20449430214101774,0.33858380726695714,2.338366963416046,31.9640379197756,2.571803714228732,5.752019839532757,145810.69348704876,46.30020302332619
80,west_africa_niger_benue,2014,train,5.690132044320996,127.43937324606054,37.980043909772995,39.20648977445664,0.9331899231674443,0.7585676978932175,0.3355727870204509,0.2657973378717306,3.0486134337137916,29.39791437416609,3.3330983230989673,11.796580263108455,477.5486442064782,16.987664475779976
81,west_africa_niger_benue,2014,train,7.5619703796252065,194.1161711367751,57.75917030894523,47.97519934355613,1.0695854904639952,1.1554533996236613,0.23927564292974643,0.4476750052084041,3.3860904841359414,31.90330035861076,4.759046546994494,147.49481141292566,7169.707602817283,58.11257236240656
82,west_africa_niger_benue,2014,train,1.0,194.80992444957158,43.26044886881847,35.90808656779563,8.117080185398816,1.1595828836284023,0.23575756172837933,0.35578809344760226,3.5005666448543247,33.11315187287763,2.301381351332065,6.419609440525993,1977.208711480291,17.313535641809064
83,west_africa_niger_benue,2015,train,5.030712768128618,618.9477300419559,162.24024507024842,29.101325444703832,5.1264085111624516,3.684212678821166,0.20261073541228608,0.9102839535068312,4.436659643533182,29.98955335411236,3.3640393387366645,62.8268342898981,17519.677212278213,58.526793988228285
84,west_africa_niger_benue,2015,train,4.5924357300430305,452.8131564249742,129.20244086106965,46.299186034883846,4.1083242009494185,2.695316407291513,0.21793327321120254,0.7324316002414275,3.662601046920881,30.525205515488903,3.0839079057503116,25.778995704860403,2276458.5125962496,83.48671570380667
85,west_africa_niger_benue,2015,train,2.8804324281979037,264.4953447059127,33.44593612960509,65.52392948440489,3.826036415525723,1.574377051820909,0.23413784889541286,0.4523313831430865,2.9596922566199226,26.21240963432804,3.446992106832118,117.68601843832484,32912.28086684711,67.11296078879013
86,west_africa_niger_benue,2015,train,1.0,297.23012396723044,49.973422208101475,18.640343200590504,12.384588498634601,1.7692269283763717,0.13370560261172343,0.44539532251405345,3.626533938657331,27.186344116817427,2.8314174529553084,294.4280536956031,53833.73912759823,81.1851775748991
87,west_africa_niger_benue,2015,train,7.450887099219356,486.6720272938669,109.99317304291674,36.29779062713113,2.7215552815676163,2.896857305320636,0.2593335457333178,1.4972689091433051,3.3809327947217294,30.495695234529077,3.67746017363664,90.68811434396629,4960.619876048428,53.33306867616707
88,west_africa_niger_benue,2015,train,6.641314191853974,579.7865188538354,170.366453333431,67.10863491131607,3.6374986818935575,3.45111023127283,0.17233377336890154,0.47244958962657074,3.617359014655569,27.714541341549364,3.0040640057954513,51.751549374722686,120862.1621908736,70.15277240985614
89,west_africa_niger_benue,2015,train,5.585945262701693,736.5283476233295,151.4645097148953,46.937563294501814,5.493910109697209,4.384097307281723,0.22716201162984836,1.1131053595810863,3.9832607030459566,33.876672751046655,1.995033505751477,104.2782578840673,18013.548987337228,64.88783872746488
90,west_africa_niger_benue,2015,train,2.286544140298734,349.6167074145334,84.31340206850618,28.417642196776526,6.370908198184043,2.081051829848413,0.2605501142202268,0.5968447584387149,2.951430767547348,32.64312140531627,2.8248002255484153,1.554685565873254,30775.341050889456,24.82745585233946
91,west_africa_niger_benue,2016,train,6.795376459825127,295.64979574796183,61.84906926277661,26.228555491414234,1.8128122205337571,1.7598202127854872,0.18214892493206875,0.5154698412324036,2.699215701307493,24.236596314701494,3.228047390728024,86.2261153675807,865.0480034807466,42.532476067910075
92,west_africa_niger_benue,2016,train,2.7674477307366314,296.5390617887547,60.27895735805703,58.64952198734454,4.4646892889678105,1.7651134630283016,0.25436088497982373,0.5495581758934343,2.6911984843055112,24.127918931706407,4.136555976476387,7.862005249283883,421675.3644249968,57.32057581971937
93,west_africa_niger_benue,2017,train,3.9471011564625145,229.97014425786776,54.191449779639974,42.374309003261224,2.427627001246028,1.368869906296832,0.23301642584210402,0.4275994899049983,2.791111579242084,34.244222513497526,3.492374979655817,13.673136710854212,13527.14436495103,37.14688495775258
94,west_africa_niger_benue,2017,train,3.3889142214184407,178.5693269723453,22.498355054095423,40.06855873955,2.195508100152952,1.0629126605496744,0.30772352307524875,0.31320537494770434,3.388584398029567,26.877724997642304,4.438399734246109,15.602844570082025,617919.5154581192,65.58760756102393
95,west_africa_niger_benue,2017,train,7.477127203127593,128.27453057202283,18.694230873538842,32.23039795389583,0.714816260572906,0.7635388724525168,0.19216639650486397,0.28562878834764566,4.022689747204898,25.87486685468769,3.6401466920290386,8.281583916826147,21198.60122273284,33.523844872465304
96,west_africa_niger_benue,2018,val,1.0,160.3171523244079,20.216790395492804,48.92827104047006,6.67988134685033,0.9542687638357614,0.18939982570452352,0.28294933515477905,3.5728076199731293,27.859108079386584,2.4866924545595905,12.895533425838703,55330.43855522712,45.52893103181867
97,west_africa_niger_benue,2018,val,7.17013451061493,269.40883276531866,78.92563334854862,75.73777430360724,1.565572865511774,1.6036240045554682,0.24996989108518558,0.3754511180670303,4.172776904771813,28.419872193365048,2.8879301337543315,11.29299058564211,67.85249915951555,16.31268248153449
98,west_africa_niger_benue,2018,val,3.938302494289178,369.82337419779003,98.10552480315876,17.538655177949416,3.912677423988091,2.2013296083201785,0.2963097730294434,0.6445948993439223,2.8985127165169513,32.14778354657011,2.9861779502591097,10.149120020012257,65916.66568377109,46.91921870340333
99,west_africa_niger_benue,2018,val,5.648853907078768,366.92998513481945,104.81366920464629,35.671107228344106,2.7065223551734325,2.1841070543739254,0.1994629549387138,0.6380080618956488,4.486436110768335,28.92382895696416,4.270527723507131,8.606762779196972,21943.310403712225,37.301093923084714
100,west_africa_niger_benue,2018,val,4.871070936684806,202.081754209256,38.958571480288235,7.004748769141951,1.7285876558765405,1.2028675845789047,0.22499664096035524,0.5054243453742665,2.781975294220059,28.253364202205717,3.10730901279345,12.06228136111836,61863.114049525735,46.326239896665854
101,west_africa_niger_benue,2018,val,3.844113191705884,293.3204782779467,47.49603410270784,60.238132852435854,3.179325369836699,1.7459552278449206,0.23239505501762572,0.47213834319885717,2.47201886519588,31.619514159781108,3.645818580143699,23.345578686786784,510.34013001638084,26.750423537127773
102,west_africa_niger_benue,2019,val,9.362969788146655,240.49664977080084,67.8052699943637,49.536494234874134,1.0702473645846906,1.431527677207148,0.3155565979313411,0.7211784607432067,3.314663887991428,24.5549457675893,3.707541016046668,64.63395598484679,31254.841178951952,59.8588430020176
103,west_africa_niger_benue,2020,test,5.800640343645231,159.75407705781086,34.78214440815146,37.02206985140813,1.1475319073524506,0.9509171253441122,0.23199193357841613,0.3307903390446738,2.4240160968709157,28.012173148745678,3.430512631900986,3.455061609308666,54126.674344831394,32.70768818413777
104,west_africa_niger_benue,2020,test,5.957027732290121,284.3646568384561,65.88440215687571,41.79221672716488,1.988999867172677,1.692646766895572,0.20260788311671382,0.580771960343684,2.6173285874354395,30.806097266861414,5.432385069566565,8.060120904012464,26380.841619865627,37.142401880935935
105,west_africa_niger_benue,2020,test,6.943645986671497,335.73002039571026,96.90059767898937,50.731653271214995,2.014611758242431,1.9983929785458945,0.18729302672371115,0.5249561386053245,2.4457379613815204,26.8539233267379,4.59582241175822,18.449477107365404,1362.0232211556809,28.000681206052874
106,west_africa_niger_benue,2020,test,6.7515567520566,247.23368921267422,57.33734882827266,31.545010822226182,1.525781993028028,1.4716291024563941,0.20404027200686214,0.32587314080000335,3.5107625052318667,34.019740894233365,2.9727663326440794,248.07286636219638,2452.1493692586296,58.20743500460991
107,west_africa_niger_benue,2021,test,8.848131179673508,311.7830913196079,50.560242707948234,51.696180746092644,1.468215363732475,1.855851734045285,0.27913847997029345,0.41035127011466677,2.571856379941789,29.538085844620564,2.9087436315425568,110.39736445901806,4780.221085593547,53.80879733329811
108,west_africa_niger_benue,2021,test,4.6833309479939915,260.52874233298166,65.64021052904916,55.71361766358464,2.317872553619963,1.550766323410605,0.27288566869336095,0.4922311081686952,3.45318587247058,24.206540773948245,3.3526260779555273,5.722942365756584,15443.686944530693,29.769398013108603
109,west_africa_niger_benue,2021,test,3.1811111485283456,271.7646378528091,64.11836194463577,40.00806128671579,3.5596136219380132,1.6176466538857683,0.1957009187610412,0.6422431734251469,3.456855642989873,29.567063398009815,3.827287255115816,148.36050412477863,137475.97317455933,80.18581628650844
110,west_africa_niger_benue,2021,test,5.112016107748882,423.7741195413456,96.30599155305242,66.70523867069932,3.4540687291896885,2.5224649972699145,0.16190841122156602,1.0516488885329407,2.067617092310695,33.11471704783152,4.346835027924251,28.84468134975409,13990.629842300492,47.22613607570006
111,west_africa_niger_benue,2021,test,6.237237814153515,350.1136618118522,67.33127404451825,13.147191361376994,2.3388669274494105,2.084009891737215,0.21804386349664068,0.9418934621765779,3.3230313296084257,30.2101391654892,4.58570533696845,17.799485540901223,2176.137413332417,29.954133133912087
112,west_africa_niger_benue,2021,test,8.16294535839705,183.67182446209813,52.96117810061255,61.31628592528787,0.9375283491329859,1.0932846694172507,0.24563639009942984,0.31550740876892686,3.5523488086191075,29.146119155079187,2.639685167509734,77.63057084006017,64267.189827374015,66.28703211632954
113,west_africa_niger_benue,2021,test,2.7550382403375053,212.37506535343502,44.382971049248575,42.13374871888035,3.2119195032694305,1.2641372937704465,0.2755088985618201,0.29513359258038785,2.6726695317419633,35.49572046702412,2.514355415976037,2.8967765604373974,48928.15563767708,31.314031490543933
114,west_africa_niger_benue,2021,test,2.4034906935820666,260.27417736913065,71.75038919340767,42.229335077641025,4.512086283229102,1.5492510557686348,0.24797291051313913,0.4543025306500717,2.808690717894809,34.03889281694592,2.1303194092955957,110.31417114704017,3171497.763656769,99.99999999925855
115,west_africa_niger_benue,2021,test,5.62831910741001,242.75720530942374,49.492712046456425,25.243686353817736,1.7971410933759049,1.444983364937046,0.33265077794894904,0.5552600708629183,4.076611466094429,32.88983211647896,2.030430202276861,2.262969357882857,3897.6061512823767,12.530925256677717
116,west_africa_niger_benue,2021,test,1.0,383.29668773180646,56.42943031843916,37.17013977366276,15.970695322158603,2.2815279031655145,0.3004151963025726,0.6251072873017716,2.7801358026597516,28.452809055272727,3.126426163953351,8.266241553811302,1246.2569590070175,19.813131979544867
117,west_africa_niger_benue,2021,test,9.861469792183328,315.0006448627128,43.49605989299703,63.40287287852799,1.330940229587604,1.8750038384685286,0.19737496337294763,0.817108139914181,3.397161935610038,32.91318694181276,3.8370582789798497,8.944927886859668,2398.7757911655226,23.034069119760453
118,west_africa_niger_benue,2022,test,6.294219639968025,226.75717550795645,50.94852222473658,36.15621614847638,1.5010940492398912,1.3497450923092646,0.2594640508530899,0.4544762471682177,3.38944257732345,30.72501657720084,2.0372282598905374,0.8946132127206575,143541.95239279643,31.373087125018856
119,west_africa_niger_benue,2022,test,6.263039956956574,512.0341294990524,127.34460897487118,31.4201455832377,3.406453661866967,3.0478221993991212,0.13635551174027505,0.8267421224774356,4.163873987349203,28.858985800119257,3.171732353583181,64.95543368448062,5334.894108953986,50.292165174424866
120,west_africa_niger_benue,2022,test,2.890909649831123,241.56773330878644,29.575962221329412,44.25625657930856,3.481714560601165,1.437903174457062,0.30199658868392626,0.7462799475417884,2.9183999669223395,29.45146365583966,4.021135732607132,13.398596236292155,158.35487015038413,18.336103513839856
121,west_africa_niger_benue,2022,test,2.3379596333473125,615.0400292535868,131.70731193642214,35.25190306584239,10.961125042555079,3.6609525550808737,0.2459106991707143,0.9736504320100078,3.305558482590138,24.757179748674986,3.6291202977390227,9.476920032791961,7662.833895606371,32.774897720090905
122,west_africa_niger_benue,2022,test,4.485294682717742,384.13159909658293,78.62784881455842,31.569477871289344,3.568435170460834,2.2864976136701367,0.32612701091191293,0.5807187787966649,2.84352803417071,28.875977256354187,3.8719438330548344,9.991041809314511,64882.96870836292,46.76921550865643
123,west_africa_niger_benue,2022,test,5.013727538220795,246.50153081308798,40.52155360808339,25.560158033720278,2.048555099756537,1.4672710167445713,0.29979393021066036,0.3031379421545129,2.5793000118516365,33.146809421670305,3.4672913124449156,64.40966027719006,225422.29482937744,74.34534443929597
124,west_africa_niger_benue,2022,test,2.8409986934277476,393.4728762591325,83.1105047639822,7.554722361475882,5.770753508402064,2.3421004539234076,0.22055160456154105,0.5794829573005285,2.707144050508955,27.609568759227948,3.4227577505604345,36.02819627886248,48.6391419259909,29.657902878177016
125,west_africa_niger_benue,2023,test,4.065500793008982,243.78141236257534,30.930967667994405,76.74715174956242,2.4984766614503027,1.45107983549152,0.33220160672890026,0.36181232485542447,3.9267939814718407,30.973745749218477,3.4913443723178643,7.438919302150334,6457.47462285297,26.229366348547643
126,west_africa_niger_benue,2023,test,5.0123525246545615,349.23913676779523,96.20135412292449,23.437492950931805,2.9031538837466337,2.0788043855225906,0.24187396358005558,0.6614404497447413,4.053816495043439,30.720875147635976,3.972104448073331,8.394134892618219,33320.14593405219,39.87726705256544
127,west_africa_niger_benue,2023,test,5.662395347179015,246.97224863188256,61.62861448303611,51.41246211252245,1.8173422604249043,1.4700729085231106,0.21487069100783268,0.3780001693471929,3.1709949951947856,31.50037606215004,4.0465726655608005,6.681001165931697,179044.25343115712,48.83021714411309
128,west_africa_niger_benue,2023,test,2.7288758788294456,292.0615592262814,60.65976082203807,20.17274139598566,4.459430247024792,1.738461662061199,0.16437610998531488,0.7967836904835537,3.287471498640587,31.200437239866794,2.5610823740540964,0.543608584877396,9370.876556128933,10.345944855176077
129,west_africa_niger_benue,2023,test,3.6052506340071746,242.05981614275711,29.233261843905343,33.61170305744131,2.797538006783361,1.4408322389449828,0.14692177214703422,0.46379097461212343,3.7420384596739407,29.251224714845907,1.6527433862510186,20.270116311307312,2106.609570180129,29.99625833854209
130,west_africa_niger_benue,2023,test,9.417826510189645,326.81035997782504,75.90611661982872,6.0,1.4458854511363441,1.945299761772768,0.27047428832681564,0.2992738443124263,3.8209286006055168,29.908179917408464,2.949687218925122,2.1517626742867546,5481.992411850242,15.159090930765995
131,west_africa_niger_benue,2023,test,5.240960715611638,235.0645885109444,36.40566132846142,21.954099469203932,1.8688096297778964,1.3991939792318118,0.27259009745882823,0.5902901748571794,2.8435153087429863,27.993833419175427,4.025191172462242,1.034335585518887,23721.18366435847,19.180896776131547
132,west_africa_niger_benue,2023,test,3.306053074993704,148.87056048858233,37.97643212216259,25.46090954255741,1.8762372773974325,0.8861342886225139,0.2187652224634775,0.24319992200633822,4.1227113724994755,23.130378928424168,4.810648832445857,81.53103271487902,289.18483380260227,37.12991160259432
133,west_africa_niger_benue,2023,test,3.4066544021019682,348.28988239184594,101.07499181747843,37.77979921404701,4.259920942975419,2.0731540618562256,0.2600425681113743,0.7320693504530756,2.2900678624394506,27.527562655102315,2.9122105512287293,42.86483394288185,61019.605865832375,61.394413710785
134,west_africa_niger_benue,2024,test,4.753927527019236,403.0044552286341,50.153194879148145,23.466410910305136,3.53220620334567,2.398836043027584,0.3056493856773269,1.0542594444108042,3.529534807495926,25.16904837622061,3.9095224322726034,72.57290709037974,42765.009963933524,65.03853153819082
135,west_africa_niger_benue,2024,test,3.001010595282624,178.85434887964865,45.26972181684838,16.98238356175317,2.4832516580802677,1.0646092195217183,0.19736554513021884,0.36592175310193603,4.283428126744098,29.677828472180728,3.7671731790873233,61.31237870807429,250.28708755155478,34.29803077467211
136,west_africa_niger_benue,2024,test,3.1962458951224946,200.9094484490933,47.926020942199905,22.104354073747082,2.6190810386293504,1.195889574101746,0.2310392372899281,0.7256125112264693,3.3416775500242886,33.88013286019776,3.5587340640179583,31.387183172618,12830.797033803845,45.18188770257797
137,west_africa_niger_benue,2024,test,3.4760183811771395,447.5449526943599,75.30449109082555,8.997076975550758,5.3646742673293994,2.663958051752142,0.26716203130439653,0.5917451199570929,3.6307664189249422,31.667179113986776,3.6210354778594396,22.496499255031686,3017.703042707525,34.98515618642353
138,west_africa_niger_benue,2024,test,3.32716194064282,223.73857940295204,34.82157091245461,43.21767147826032,2.801919766687162,1.331777258350905,0.23035716962276326,0.557896234955393,3.938019682654339,20.9205042072821,2.8022827763289655,160.42533477102094,47150.90680777372,72.6182145717485
139,east_africa_nile_headwaters,2000,train,8.161240883956411,424.24687888063943,67.16537371482124,21.83587466797677,2.165963918727499,2.525279040956187,0.25759750688855065,1.138335340474507,3.9432110470007964,27.091430278741853,1.2757895336335845,133.90947574633427,20221.577934483434,66.5850869671499
140,east_africa_nile_headwaters,2000,train,4.291724877564329,222.92843537795054,33.18282059772522,59.28853261673672,2.1643243852775083,1.3269549724878007,0.2488998559483217,0.5612589756986884,3.337721027169653,23.295891724501697,2.8020770680760396,117.33554648695583,2782.6571463765376,50.292124686428295
141,east_africa_nile_headwaters,2000,train,6.554645953746363,127.49439678618646,32.261910550699156,38.58342642426134,0.810458195643885,0.7588952189653956,0.33441185838724824,0.339836360001083,4.220735425569804,18.67755139808597,2.7967764826729304,73.4516258460294,22395.2856164738,57.05340959644275
142,east_africa_nile_headwaters,2000,train,3.1627033811333893,326.94551418306725,82.98592802780512,21.14001009489524,4.307305528204782,1.946104251089686,0.26495545079163596,0.4712926048185768,4.119040203849393,27.539539602554168,2.7685157038301993,14.352672690979064,15259.84826974172,39.58841864293921
143,east_africa_nile_headwaters,2000,train,1.0,983.947782018699,130.97912912823816,49.35394632172447,40.997824250779125,5.8568320358255885,0.28733342495868364,1.880861780547904,3.892926528773359,24.495940360031373,2.1972940680777664,15.274732186215143,387099.84884562565,67.5005042605447
144,east_africa_nile_headwaters,2001,train,5.529429421268259,249.22766193106023,53.090022316923786,49.728714901619796,1.878039327864743,1.4834979876848824,0.23972031338807984,0.8138281476759004,3.332154739491354,27.756387416337784,3.3050488236172564,5.8030987960527565,73822.69329586191,40.997954263859036
145,east_africa_nile_headwaters,2001,train,11.653359551463979,527.248306555297,114.79557486909859,31.377747982444,1.8851799211021663,3.1383827771148627,0.2733090364283959,1.7812952812036995,5.56184987154801,27.40756434251112,3.0903145226912727,92.59309488656265,81151.27748436043,73.28286318966502
146,east_africa_nile_headwaters,2001,train,3.596708420589119,301.9829199425341,54.01936566093694,18.890815934830528,3.498371342042594,1.7975173806103222,0.31359383499631227,0.7024095301590625,4.437095356614649,21.143257698519605,2.846432986359411,32.9867048009138,43292.44504660216,55.60263906571176
147,east_africa_nile_headwaters,2001,train,8.79056041876715,221.8508058131438,48.754280230778036,6.0,1.0515579366035541,1.3205405107925228,0.2330763422536077,0.4164499309959264,4.246574863537887,19.219506777493088,2.9062227079605383,147.00143647352502,189974.79552067985,81.8425662462467
148,east_africa_nile_headwaters,2001,train,8.837730506523878,284.34564333094676,79.37062248515154,43.00600403468117,1.3405857001459403,1.6925335912556354,0.2705499760585805,0.6114093612674248,5.769475119478084,27.947811922768185,3.710600952226032,23.47688896681076,2518.9024556783525,32.98326655047764
149,east_africa_nile_headwaters,2001,train,6.345958648326349,262.86496342204805,34.764229307675855,52.60417224738913,1.7259341600249183,1.5646724013217146,0.20176237218126386,1.128125567907704,3.6969708752191526,32.16287370324241,4.572413114221867,500.6315234399984,20995.777662839202,79.91432840728072
150,east_africa_nile_headwaters,2001,train,2.449594554902854,406.34924249664084,80.71552812876098,36.39565603381035,6.9118452290287244,2.4187454910514337,0.2028717581652937,0.6495269600563177,4.9541413411010256,22.329668197943924,3.7648818528043275,33.384222630449564,14781.969858713535,49.043360796643206
151,east_africa_nile_headwaters,2001,train,6.669695526980971,158.30805081000682,24.400286342354367,79.64470996836775,0.9889759970401575,0.9423098262500406,0.27065556819654996,0.27750833130981495,4.296248773916839,26.346818124059833,2.553492878301947,117.38217360591379,35101.39039464638,66.02106560656408
152,east_africa_nile_headwaters,2001,train,8.973943393157056,347.8133634123333,44.75029669276366,53.200406574873504,1.614922541918942,2.0703176393591267,0.2520887452090994,0.8766915355911059,3.7523754356293337,25.534525911369126,0.5,23.179122873761646,2015.896816015415,32.34779344391076
153,east_africa_nile_headwaters,2002,train,6.875181678813842,276.63402071049114,73.66670892711946,32.80696755437597,1.6765255186089019,1.6466310756576854,0.31241493811969995,0.4258662755042202,3.9281773947086003,31.315645852892516,3.130080853363989,74.41244169205282,9198.8122717685,53.301132197714
154,east_africa_nile_headwaters,2002,train,3.319955889599212,159.5692472229866,24.21767994684861,72.38376474822853,2.0026527024411003,0.9498169477558727,0.22844494610965044,0.2468509696174668,3.5985265629216565,21.908623739683804,2.92259776830067,58.51848354469629,29296.239011624228,57.09606183764261
155,east_africa_nile_headwaters,2002,train,1.0,252.55354008572368,74.48593393642919,24.086382682697145,10.523064170238486,1.503294881462641,0.28035061369909947,0.44841560632116995,3.107914709781095,23.982591868736435,2.4946098413879496,2.1342451949279497,890.8909116149182,5.149021259534249
156,east_africa_nile_headwaters,2002,train,7.474736779301964,337.207007642232,79.56214489839505,16.693773083329916,1.8797039146581291,2.007184569299,0.2680197534795446,0.9967590215649352,3.3030348217791565,29.093536270106142,2.6469901510042666,29.855071171449904,2499.8553563984706,36.062638208081445
157,east_africa_nile_headwaters,2002,train,9.054348018275267,360.74589993696674,47.01481741631744,41.330840248957585,1.6600951425438473,2.1472970234343256,0.24484392496550764,0.859703232217697,4.108149918019583,28.487929601924957,2.6848057554623352,2.0745058124135234,27285.013188452074,26.126450783484312
158,east_africa_nile_headwaters,2002,train,3.0294896026819913,289.2317680877109,63.485843003254935,30.96841704603838,3.9780046314244863,1.7216176671887555,0.28695996003716495,0.6289290469680293,4.180472150369492,27.960091356466354,2.4767410885535055,55.22963899586176,164794.89355044274,70.85186636360568
159,east_africa_nile_headwaters,2003,train,1.0,437.2579113509488,130.62158969952534,34.62430198867023,18.219079639622866,2.602725662803267,0.26944448261417686,0.7454083282966393,3.809703739718539,33.523265988896334,2.622461928435531,20.260270071873588,142623.83133862197,60.312980128556575
160,east_africa_nile_headwaters,2003,train,2.8797703411394755,151.30249059837192,37.269062457985534,37.41104460945779,2.1891573614527675,0.9006100630855471,0.24122733836994426,0.28593150578526283,2.9150901228265265,26.440203124895174,4.164238069845504,25.04179549377075,6827.036999281834,37.71894078256278
161,east_africa_nile_headwaters,2003,train,4.8612158582038365,297.6309906533358,60.155250662754575,62.90418613805794,2.551067806687453,1.7716130396031893,0.23598855746064032,0.7085657845519879,5.762293151608424,27.897461596146623,1.9773821739636728,224.88003132262997,4392.874618171261,61.00845885107068
162,east_africa_nile_headwaters,2003,train,4.4643355173207935,224.01666791044164,45.82623264921751,38.25954158797438,2.0907989091293517,1.333432547085962,0.28898402651194904,0.5920748036477581,4.03683403325303,26.661734513836333,3.2048994246103923,112.35626561505052,43414.0553167779,68.09143992793415
163,east_africa_nile_headwaters,2003,train,1.8572837229202146,171.40698233209156,41.90475837866513,32.940058763339245,3.8453778004047514,1.0202796567386403,0.2858586525763292,0.15902720338097023,3.698129858831325,27.265118951845842,3.6118977836156674,19.48638289860517,8382.764772707205,36.74745837689488
164,east_africa_nile_headwaters,2003,train,8.357165362382654,371.6480597318115,92.14789945978973,36.15550604374145,1.8529411769044968,2.212190831736973,0.29199506097207406,0.9253344950618069,3.3378057362652727,22.058924599412595,2.1021055103579873,55.29919850297112,92315.77747686458,67.41036063989345
165,east_africa_nile_headwaters,2003,train,8.349370502351375,165.87322294652978,47.043899771452615,34.06094649881451,0.8277730982823599,0.987340612776963,0.257974703075426,0.3483944003173827,3.1384261776843183,30.230982764578584,1.7554779265102347,29.496664097811735,2963.5460851981284,34.689174422656585
166,east_africa_nile_headwaters,2003,train,1.0,419.1687248287886,96.89281568425258,25.80277846768495,17.46536353453286,2.495051933504694,0.3314763042252375,1.1620677146478555,4.2555588812670715,23.22273114905567,4.087513392001739,12.04464447635747,34071.73370050811,44.287377303373525
167,east_africa_nile_headwaters,2003,train,4.822739634813177,389.5603120211181,57.482780170280996,37.13304712076396,3.3656553943690906,2.318811381078084,0.18245213574143115,1.2175625628595965,3.465833759062224,24.110594207734398,4.472362521700482,62.693104128695836,85976.72336869495,68.41536486303035
168,east_africa_nile_headwaters,2004,train,2.0996064346777845,582.3259824025232,148.2501714542803,44.84626509547045,11.556252733540864,3.466226085729305,0.22986876481576501,1.3314931415532745,5.1285745863048815,23.693643819537623,3.0661633397135444,12.412749810679152,88.22380792690119,19.95411397529343
169,east_africa_nile_headwaters,2004,train,2.884488629617287,223.94343387142789,44.77413814951701,55.88116036883281,3.234880635514076,1.3329966301870708,0.27185416227795106,0.665109421045043,4.362214409249684,23.938850686418924,2.523600032525505,8.624046268782116,273011.29268346325,54.15288159458129
170,east_africa_nile_headwaters,2004,train,1.6572080355807084,150.0988583403458,18.944955939781632,29.23945214425548,3.773888952525432,0.8934455853592012,0.3438524482654363,0.2287466879471376,3.7282601529111723,26.075397642854284,2.0246751878184295,26.377063283917007,30132.5747764693,48.4896872808235
171,east_africa_nile_headwaters,2004,train,3.97963873651269,280.4317097034391,57.81177589879542,33.493647025178504,2.936109366855684,1.6692363672823756,0.249718276132185,0.6484730025199622,4.46281392041481,22.972097426564442,2.0620859686911226,99.6431077951092,15522.385356613135,60.1308276692105
172,east_africa_nile_headwaters,2004,train,10.128347951481324,607.1991734650214,77.32945518120972,28.75687196557727,2.497936058500272,3.6142807944346513,0.27640310424890724,1.365684374124579,4.38315761273828,25.94765280789054,3.5323820062149,51.89755029946642,358.2845762379797,37.001293114416974
173,east_africa_nile_headwaters,2004,train,9.758816810999441,179.36118190159533,50.7995800415819,20.612568647342094,0.7658082658965045,1.0676260827475912,0.36704438170407505,0.6221168411757024,2.858731840382941,25.61494448500477,3.2484977570680136,20.2217115101575,2909.270318402012,30.779005522949422
174,east_africa_nile_headwaters,2004,train,4.855507571985132,428.7147578648329,101.52256550808495,66.06047257598505,3.678938740431523,2.5518735587192434,0.27863582217895344,0.6399787577407725,3.733675383362799,27.90520856826051,4.047929358142899,61.837506685507215,676.327632541543,39.301500541560344
175,east_africa_nile_headwaters,2004,train,3.956655369503095,192.16793271059552,41.85387371373282,46.3620177387847,2.0236781949701093,1.1438567423249733,0.24512928122964706,0.5946867664445004,4.859162429412899,25.938966717959936,1.8101723049074445,100.53411951308495,56030.399180119886,68.26225748337018
176,east_africa_nile_headwaters,2004,train,4.331592823510985,270.3003116116786,64.15764559589792,25.033338156166117,2.6000857981593657,1.6089304262599915,0.262464243494045,0.7590407363681896,3.415504287943333,29.921319493948097,2.010075138223191,266.1299742588975,102438.6367891934,84.47179194223536
177,east_africa_nile_headwaters,2005,train,2.2274139146525846,243.68959047805657,66.68380263354419,32.66733024591362,4.55852990312732,1.4505332766550987,0.23617070485615643,0.6001528858924029,2.983569401527022,27.005397437042035,3.166613481771497,583.9332056965723,59.700590886036174,58.90157257584226
178,east_africa_nile_headwaters,2005,train,4.472585320027282,405.44890323721114,58.509148649329795,39.715577816568064,3.7771675871456414,2.4133863287929236,0.2846752433473646,0.8469029519224999,3.963223092962182,24.06440827850437,2.0638108315378765,4.94936902664263,53585.352040925725,38.72576336881636
179,east_africa_nile_headwaters,2005,train,6.365667534277627,429.83200532894887,78.23470621908935,59.7412884087205,2.8134782082581045,2.558523841243743,0.25177939317306586,0.6901612214963277,3.3984750839951676,27.131553988774236,1.3559261619803926,5.317317013521792,966760.9048772602,60.90457992716471
180,east_africa_nile_headwaters,2005,train,2.163181485625333,210.5951770422401,43.294191036314224,8.135511840815933,4.056432204942827,1.2535427204895244,0.2821362557036423,0.40126595528966835,4.166221619220327,16.89050259769711,3.554337829819377,12.303496489693993,799014.7710034007,65.51271104587417
181,east_africa_nile_headwaters,2005,train,6.159277370478783,132.21280165940397,38.36413724764174,19.2140322294,0.8944014702458958,0.7869809622583569,0.2708319779960277,0.27648710056783227,2.572467831235711,24.043366383473447,5.000431479150083,14.685462134414841,390354.84756912774,60.71668964221394
182,east_africa_nile_headwaters,2005,train,5.379102355544175,159.90267771630747,36.66649830602419,45.57727772192589,1.2386102979887972,0.9518016530732587,0.24113733145885743,0.20513200140530402,4.075648256023407,24.82969349091509,2.746702300883948,2.8055429571908026,291972.13037641,43.34310890728653
183,east_africa_nile_headwaters,2005,train,5.015876333603062,161.49454375035754,30.429939891830504,54.712501934476876,1.3415281548813536,0.9612770461330806,0.24831501175922857,0.1885778449474477,3.881838556270717,24.86434024759391,1.8401666210401602,11.736568461181378,27657.78706261296,39.570306985243846
184,east_africa_nile_headwaters,2006,train,8.638992681612807,468.61875795579454,115.02446626530644,23.843117961141214,2.2601919345353796,2.789397368784491,0.27963809981354865,0.9136848767314677,3.162729982635105,20.297995963386988,2.7225969272414865,88.44399235205798,3458.5388825189993,50.77781915361534
185,east_africa_nile_headwaters,2006,train,4.181823054939182,418.82015151752967,79.52983970862176,35.13596550867897,4.173022009133653,2.492977092366248,0.3241551436191862,0.7856248388694818,6.6463400103972035,27.12649281614458,2.036761270825844,22.687111773501233,1213.437075064646,30.43435300892153
186,east_africa_nile_headwaters,2006,train,3.776950231125923,283.11727983046063,63.51611769690909,56.84600912077351,3.123301236286769,1.6852219037527418,0.3014688542892264,0.534238420464329,3.9854579052389556,25.438730185899622,4.787261073939732,74.35512123379453,48505.105964627204,65.07886646090101
187,east_africa_nile_headwaters,2006,train,3.2921573159789044,217.249562622263,34.313485256519684,37.72501956536211,2.749584615937279,1.2931521584658512,0.33059090358669063,0.27596998069124273,3.1087728604736076,23.72026144678992,4.145764525055983,165.0314228138079,64851.37940531098,75.16333608420948
188,east_africa_nile_headwaters,2006,train,2.7479654043244257,275.9527766309331,80.71658071312457,22.062342180832367,4.184198367828051,1.6425760513746017,0.2877045701164191,0.7061468469475571,3.605600546658265,30.64520111528097,3.427939538646777,1.906876939984967,103174.28941872875,34.31215015064998
189,east_africa_nile_headwaters,2006,train,1.5222693934420088,157.57226790737133,44.61589639204818,58.392601651499184,4.3129758708226005,0.9379301661153056,0.2958491405554794,0.32571787956295406,3.7347947093246407,25.780144957541374,2.8456872699313727,1.6537046125351538,220515.20595054253,37.21938290975085
190,east_africa_nile_headwaters,2006,train,4.469182561775972,108.18105815961884,27.17117253274558,47.62435193580164,1.0085835670568137,0.6439348699977312,0.25063031590939316,0.4052429856360627,5.018190604677085,23.485220363126025,2.9221966256129117,30.566438829282657,12797.058515391971,43.16797908351443
191,east_africa_nile_headwaters,2006,train,5.862490220930918,299.4891783893547,42.178232028234525,38.670189998810656,2.1285691397266997,1.7826736808890162,0.3504377135952133,0.5484599596566571,3.6350969983772607,32.04188695310642,1.4795616196398802,12.607568918985802,6274.975061654429,32.00297027567006
192,east_africa_nile_headwaters,2007,train,2.056222601840844,387.6811769601797,48.65336324302389,12.676297271424858,7.855852940668691,2.307626053334403,0.21069583014516508,0.9540519439096495,5.241839781522494,27.89018112832394,2.4902230789879196,13.362723517378845,27335.32066011689,43.51898842934667
193,east_africa_nile_headwaters,2007,train,4.566812582765652,131.47047529998417,17.98182418527216,39.972642182505204,1.1995098050455242,0.7825623529760962,0.2974059460336501,0.16907226372292508,4.089251533661497,23.211417050587745,1.803916440181873,50.446439043718286,35251.69555802105,56.272049220173464
194,east_africa_nile_headwaters,2007,train,6.886722760961058,288.0609132676802,82.88279787806894,48.22671811337025,1.7428519296375775,1.7146482932600011,0.2946158425897547,0.44823096575984955,2.7890922963851583,20.332162593584506,3.5460335093695265,24.199527788125458,182618.61791817346,62.6697065126307
195,east_africa_nile_headwaters,2007,train,3.7697672381118013,338.8353418923737,90.03640675220588,43.699572003478956,3.7450957456426557,2.016877035073653,0.27191994099958866,0.7471785533996396,4.874825701573084,22.58051241789019,3.1570875467140023,53.22635347474581,20082.63852215512,55.66357685778108
196,east_africa_nile_headwaters,2007,train,1.0,372.4116670167727,108.32352933459481,36.684313903094335,15.517152792365529,2.2167361131950756,0.2894466020378324,1.3997823400982923,3.6512563614109563,25.99566119955093,2.6897483161596947,2.6066849120245776,1126.3778573514871,8.817926077995459
197,east_africa_nile_headwaters,2007,train,5.168222417025494,199.79300318216485,38.86059556601048,40.644236976359835,1.6107488792470965,1.189244066560505,0.3021817451106498,0.56702006405071,3.5705245256473614,28.44254789134976,2.5713190327173967,22.86104615605456,1647.9645148138948,29.510706756506824
198,east_africa_nile_headwaters,2007,train,6.94000733007773,614.9707822432058,99.10857290008552,28.20954351062921,3.692183793872148,3.660540370495273,0.29612929822295286,1.034367955340768,3.2053224913262195,26.80517751915373,2.555760521982081,124.1040903477432,3724.7591732888204,55.86101475964042
199,east_africa_nile_headwaters,2007,train,6.588112848537808,129.72122660771436,28.083238899211903,21.4014337253161,0.8204247912745428,0.7721501583792522,0.3413118620790931,0.3510088658851285,5.2287685914780555,26.869441598761973,1.969306336023161,60.15550774093169,16576.49270846519,52.79136044158197
200,east_africa_nile_headwaters,2008,train,5.449847342340529,371.1806052019003,62.63239056147258,22.448767499061283,2.837851700895002,2.2094083642970253,0.32884628487379586,1.2415614324891109,3.8769956075941177,26.040420524504963,2.913003835103265,28.82063298998565,200.32440695900286,28.060781385584608
201,east_africa_nile_headwaters,2008,train,8.925586813211233,254.77642862387125,37.24041409234919,55.89595380397437,1.1893542405841373,1.5165263608563766,0.2643337570360656,0.29256041708061764,4.247325720202645,29.716456783866132,3.4534147966116686,1.1047865278889937,11150.705813862834,14.541142435732
202,east_africa_nile_headwaters,2008,train,1.7423542007302784,421.7850263551883,121.5188642212586,22.820544169228064,10.086569132020827,2.5106251568761206,0.3360196786740575,0.587781667352532,4.110598051136527,19.481369226324517,2.704648675498954,251.1297297039895,819.0084616689858,55.30539016860873
203,east_africa_nile_headwaters,2008,train,8.020398439771256,514.5425783123087,89.82349521702388,57.76563355846277,2.67309339521512,3.062753442335171,0.2830832053965545,1.2891881277087482,3.023158839550753,24.00005744440217,3.364590694822487,3.0976187626277256,54257.41703967539,35.46552900760748
204,east_africa_nile_headwaters,2008,train,3.567019522096772,570.4658488259832,80.82818977511288,43.781840421123164,6.663661418308448,3.3956300525356147,0.3069784321641776,0.789166328981804,3.581883857984336,27.241306360725446,2.997535701944674,65.77812433402768,34929.1776953959,63.66425041220309
205,east_africa_nile_headwaters,2008,train,4.906116748271452,360.02304953980627,59.02137047811247,32.86456026281118,3.057603633826517,2.142994342498847,0.29301356922886906,0.6846186328153128,3.8113931767829135,22.841194468277322,3.034047470333977,167.69558072898474,11476.346585570962,64.59280698097872
206,east_africa_nile_headwaters,2008,train,2.6494176491319097,241.5121240327747,43.770132563814904,24.15244065879898,3.798195113303278,1.437572166861754,0.25376518423601624,0.5735755254990988,3.8625751217908335,21.52333150598774,3.9579568771694866,10.846988543608019,52535.74910563246,44.588089478632014
207,east_africa_nile_headwaters,2009,train,7.9751229662763645,160.55453780964805,38.599757825343566,37.24332093877202,0.8388300013709798,0.9556817726764765,0.3225341481885586,0.4418133010919191,3.156998300663441,22.1589063121142,3.542999135937035,3.625967051922372,185658.42665436512,42.18344507558928
208,east_africa_nile_headwaters,2009,train,4.4525383354043,334.8732965362965,49.877153619855136,36.10637703374745,3.1337302390859074,1.9932934317636697,0.27583524345027466,1.2066898655038556,4.128196706501645,27.061023873763215,2.2497215878840686,111.32150617321551,87003.8453911686,74.31904314087929
209,east_africa_nile_headwaters,2010,train,8.430597428936792,244.98698096560082,62.805122111904296,6.0,1.2108027882496146,1.4582558390809572,0.33256635101399445,0.43868533290025347,4.2232804185139425,28.632665890782516,3.4626803754916926,22.23041016794834,4590.426372090333,35.36984575746828
210,east_africa_nile_headwaters,2010,train,1.602564879641704,546.6666999712571,157.41372832270474,45.629584221905404,14.213327307261112,3.2539684522098637,0.28309371209904904,0.9085329212818846,4.6900123772322235,27.264801693034926,2.786284672688913,51.76118473617337,2029.233918350795,42.56137192762943
211,east_africa_nile_headwaters,2010,train,5.571236231012885,162.72290501368118,34.65181320978807,48.086297571602444,1.2169868160489128,0.9685887203195309,0.30102110207123095,0.250560861787685,4.178434940050949,26.151744523322943,2.50355587932654,71.42039865340749,36091.44622286897,60.83391031952185
212,east_africa_nile_headwaters,2010,train,3.153532649433874,307.273039592218,72.9993730999402,64.0408339745164,4.059905109478044,1.8290061880489168,0.26670950287002876,0.49059382789190015,3.5290577687830464,25.648452407282583,4.242227010196271,5.631434585680186,5986.292338376876,23.7901395767362
213,east_africa_nile_headwaters,2010,train,6.953787505784906,555.5191014084095,122.51516604330399,12.625842793422112,3.328636258455489,3.3066613179071993,0.24827191262392054,1.9176927744939603,5.075748556048562,24.968900248168715,3.6042447959910184,38.98666966897739,129221.6170830018,67.41781117854495
214,east_africa_nile_headwaters,2011,train,4.758198525900805,390.27586439602055,65.383490203305,33.26543724505373,3.417573743784813,2.3230706214048844,0.31953058261578804,1.594228156729194,2.996043282389948,27.747792741844837,3.16803885471517,10.881542198903981,391643.2923682984,60.92264513540134
215,east_africa_nile_headwaters,2011,train,1.3601885995857943,166.0800745389985,40.01356593950072,23.21947351058726,5.087532058347562,0.9885718722559435,0.26425504341255507,0.4765654668079077,3.674015715936916,21.655663413578473,2.4910956720703847,29.574428876067365,331.65739978291106,26.63403514771219
216,east_africa_nile_headwaters,2011,train,8.450731919518272,190.11245349836688,35.74861623932675,59.42259817312335,0.9373569419239335,1.1316217470140886,0.2865013975510424,0.4839678199709942,2.5638530904855577,27.26400937308591,2.4131734324899248,9.136405487083408,284110.1504557203,54.53548129977112
217,east_africa_nile_headwaters,2011,train,6.125643490153161,551.2330500710978,80.84936298590934,53.443002380036724,3.749490774297106,3.281149107566058,0.24987236789110068,2.5863135306431833,3.1002815653289044,25.711382945273076,2.1758086052326417,27.504368152473855,2461660.4576165075,85.42353450586437
218,east_africa_nile_headwaters,2011,train,7.118129612206596,410.8959859654652,113.16490286390484,16.99311060291744,2.405219771853386,2.445809440270626,0.286110792964943,0.6858368996155182,2.4428028905654267,28.89720453096488,4.758946849239606,72.17448920411076,1332.303159943904,43.30325819885422
219,east_africa_nile_headwaters,2012,train,7.75139437260348,208.40894594549832,35.515542963086176,36.2354695726661,1.1202766449032848,1.2405294401517757,0.3224687827130165,0.45442071908247245,4.207499862925704,32.58456086957639,2.1958598206339457,18.961643118450244,5331.701790081052,34.11566128073652
220,east_africa_nile_headwaters,2012,train,4.330281633039781,296.45010875119044,88.0436918440828,20.76664037675071,2.8524906487345465,1.764583980661848,0.31103339126572194,0.8254794191545983,4.276818669901696,23.42213594704193,3.6548817004835623,27.107446696394486,322448.09077674453,68.17304259400044
221,east_africa_nile_headwaters,2012,train,7.66538202828076,413.01613747372824,51.341215574288945,40.38367509209099,2.245029101560872,2.458429389724573,0.32489841295793725,0.8999043764055505,3.0853079575589004,35.69621546198742,2.254972390657282,30.982621325370747,1856.5183548728799,35.61866623397533
222,east_africa_nile_headwaters,2012,train,3.1944347132609776,133.53904124986778,27.37300374953248,62.34446128304111,1.741818887594187,0.7948752455349273,0.357723399968071,0.35406875681369004,5.36891874056882,21.813400526481388,2.3775235705953404,534.3361364735267,157209.41950156,93.28949384713117
223,east_africa_nile_headwaters,2012,train,4.21189755502524,266.03758520653946,46.901401010774656,49.31626685172821,2.631806504975495,1.5835570548008302,0.34131879819811994,0.5868200956185352,4.198165503291412,26.114038470939622,3.7513422437610315,122.78440375527846,7425.81939274414,57.274469771639886
224,east_africa_nile_headwaters,2012,train,1.0,479.0715429617813,70.11679311063315,29.061803228598265,19.96131429007422,2.8516163271534603,0.21922513071813,0.7438831127302037,3.0913300306250315,24.95361115796148,3.1766448697070166,13.062940271695982,50736.36037477133,48.4512683669305
225,east_africa_nile_headwaters,2012,train,3.3887776386601436,524.9601398893265,79.9631613891512,72.8866647798909,6.454639841964833,3.124762737436467,0.2853414940588849,0.9712198317972905,3.401807047896286,27.00169135119095,4.277980694454343,149.88770763089224,58728.602316392156,76.21624093627885
226,east_africa_nile_headwaters,2012,train,3.37928989181215,297.01052145897086,79.76206505338355,46.70673093383889,3.6621416896220866,1.7679197705891123,0.2704620947341204,0.7504766664501005,4.6494028958037745,30.045727522165226,2.71018418860672,4.338859785938752,672822.4698805552,55.1474148355373
227,east_africa_nile_headwaters,2012,train,5.645849880330784,189.98482835016205,40.30999168089971,53.906122960736155,1.4020979449291155,1.1308620735128694,0.3172950349097779,0.5580413104641522,3.619050982342003,25.966013110526834,3.5795868281018697,15.676812542409795,54467.754150903624,47.93286336726012
228,east_africa_nile_headwaters,2012,train,7.48386581952686,340.18308662367826,52.4588418942872,23.833525412994845,1.8939804130377518,2.024899325140942,0.29892001548661035,0.5089497060455377,3.607615807180016,23.811419663013766,2.464052966108414,10.015133389844928,51301.83270207892,44.68628301058036
229,east_africa_nile_headwaters,2012,train,7.914504176507782,309.24105872169633,37.88228693501111,40.27676369093037,1.6280292266001999,1.8407205876291448,0.35297191150847307,1.0941188865388811,3.6151852837064626,26.203539557440653,3.855611226757686,2.4207239306543413,14721.096602223404,22.461823069014333
230,east_africa_nile_headwaters,2013,train,5.188921496650499,181.64086162187877,38.01042925604275,77.312316857904,1.4585630634671207,1.0811956048921356,0.2768980833401598,0.3946755103268859,2.8530107537926392,26.52562778218628,4.546193926447215,23.287300462831706,158670.53827057627,59.822016283058794
231,east_africa_nile_headwaters,2013,train,1.0,497.73089171847835,133.3120881827729,32.06849190766922,20.7387871549366,2.962683879276657,0.2514949706578712,0.6592004757686166,3.267534679317205,20.93578268480062,3.235676460637918,70.42451527118055,140190.38397574634,74.09718440624069
232,east_africa_nile_headwaters,2013,train,3.139701134555161,269.7972213786318,66.37063799793928,33.91209564231231,3.5804525364064785,1.6059358415394749,0.2926167190621596,0.839143786709758,3.1790701228613867,26.39796023184204,3.8199761229928098,41.680511294782356,15148.257544298132,50.299179434658974
233,east_africa_nile_headwaters,2013,train,3.2129704232052574,511.1688865271746,90.69476132780933,41.62849751830706,6.628975931889024,3.0426719436141347,0.2428334413896561,1.0755625177466515,3.3704251671428236,24.921409616757902,3.5558303935210893,63.79661361054339,10164.041652234131,54.290505726792695
234,east_africa_nile_headwaters,2013,train,5.442245443730143,279.96525789977187,58.85619575606453,32.60911050944584,2.143456997625186,1.666459868451023,0.2668587652836145,1.0677013071839077,3.727535226738244,26.310263919153602,1.8432245178578246,11.890998235755458,1031521.63608236,67.92901173777487
235,east_africa_nile_headwaters,2014,train,1.3793964315929639,281.809152957092,38.13501251519513,22.984974636103487,8.512453541958784,1.6774354342684048,0.32988032064454237,0.5780377687329225,3.4438751437481585,25.382640507691526,3.7759920072144344,20.752269875580076,2257.4975762931836,31.070240352451936
236,east_africa_nile_headwaters,2014,train,5.090446025106852,172.72790263482682,32.96438805603997,37.96494549177206,1.4138242322226988,1.028142277588255,0.2652353897404349,0.37380747036129713,3.523873788044347,29.38753415444399,2.7683881554036995,71.45691474458515,33644.632083704826,60.503915305137255
237,east_africa_nile_headwaters,2014,train,1.5913311841798032,218.68941517109525,37.29922248097377,36.313295958035994,5.726060706941276,1.3017227093517574,0.3361635220820171,0.41290492097866927,4.328283849818491,23.18133043172221,2.7109553740124857,11.634294985656982,13077.971410592665,35.0977163783095
238,east_africa_nile_headwaters,2014,train,3.9931359634231187,314.024429072346,87.209060544107,47.43337480742284,3.2767106683067158,1.8691930301925357,0.23228417346579583,0.6682684311066153,3.353388222436443,24.131660406725523,3.476829624519932,36.45118428685003,128200.59832348097,64.74442625995603
239,east_africa_nile_headwaters,2014,train,5.563027897948293,278.8903384134043,38.7521372042825,41.951369435997776,2.0888679655032694,1.6600615381750257,0.2774233570769559,0.5352917773702197,4.507529663959559,21.518871893650672,2.2066284780023944,5.967159214132822,22479.268156899732,33.02004592464832
240,east_africa_nile_headwaters,2014,train,6.035337814471703,294.62840603479367,55.94138536823736,37.37714820064863,2.0340507792864373,1.753740512111867,0.33113306109938667,0.6065864697811985,3.7108311112948846,24.03645941684383,4.514557825901272,7.690382235839352,24451.085940540794,36.249215532266525
241,east_africa_nile_headwaters,2014,train,1.3242760270581622,233.3134326024733,66.73177110327991,17.897370261493762,7.340911431205793,1.3887704321575793,0.24810699802624991,0.5327346034529362,4.378999473182649,26.621140701929114,3.785874962453119,66.31679607507252,1083.4771810909044,39.73482616270437
242,east_africa_nile_headwaters,2014,train,5.588642340857704,396.34657978976486,114.1307450831669,41.490019813546226,2.9550004844359066,2.359205832081934,0.262794069734871,0.6444316252012233,3.723390417207622,27.696072159802217,3.0529054432399416,63.503000325025624,51035.53806370936,64.80380220755869
243,east_africa_nile_headwaters,2014,train,3.8559041357102632,188.47647247935177,43.0253717362467,30.78244631286327,2.036665351862996,1.1218837647580462,0.23882203152156478,0.4581390208991687,4.481180595656755,24.254284228547114,2.7504239371003063,67.27911661457782,4540.976554667003,46.50628077257502
244,east_africa_nile_headwaters,2014,train,1.0,415.9368343295199,71.97883312775731,38.60082249280933,17.330701430396662,2.475814490056666,0.21105925278072227,1.3780600788220867,3.4219456456394983,25.61127844081253,2.895490442578327,29.525150960096223,9793.91350707043,44.9798146246291
245,east_africa_nile_headwaters,2014,train,6.514842666985459,180.50741154271213,26.280513344472343,33.65868556745952,1.15446259135728,1.0744488782304293,0.25309448442683724,0.30964379202193526,3.3490121621124964,25.6564569940534,3.022707107917878,120.25535590732005,746213.6603914449,89.1290066518334
246,east_africa_nile_headwaters,2014,train,1.336460754183852,993.9793800640804,195.51161942999363,59.213584114011134,30.98916849822632,5.916543928952859,0.2710634005934881,2.762447673088038,3.0211246778516903,27.324751291895243,2.857796684982536,430.6713509686977,3119.921307990848,70.29184922756727
247,east_africa_nile_headwaters,2015,train,3.3423997739200706,378.16222933221826,50.70772292521609,42.272214724888514,4.714205547300249,2.2509656507870135,0.35584016855890555,1.512983624686428,2.784603703713212,26.39706281042184,3.809042227964416,39.84242937632762,13085.670469561379,49.87820357903255
248,east_africa_nile_headwaters,2015,train,9.429252592615152,238.2786762387072,44.71923348470208,60.23504975619329,1.0529231324642292,1.4183254538018286,0.2920467373740849,0.6736453220558137,3.7220739267111034,26.325193330026977,3.524446403848092,368.9976320462378,32160.129259455305,79.2694362786698
249,east_africa_nile_headwaters,2015,train,5.996055397446178,393.8395113186374,102.05166052892056,66.57947253972925,2.7367958683747062,2.3442828054680795,0.28118173851728884,0.7796283603883408,3.3765291334832113,23.746624654078868,3.0279844010221613,3.2082339231421906,71051.08884689948,36.837581895493216
250,east_africa_nile_headwaters,2015,train,6.546471076598197,721.3963131698229,113.63098191380561,34.70625801642937,4.591508824175344,4.294025673629898,0.33623259861326654,2.149253898892077,3.4490389744502195,32.09204587460559,2.7083474438220025,43.628881721485556,48381.00329846683,62.34737928354518
251,east_africa_nile_headwaters,2015,train,3.666695312196839,608.2481946345296,159.18401684769478,19.14536020057494,6.911857304351393,3.620524968062676,0.24049797411925458,0.8267133573338166,5.048068747973198,25.572653508512538,2.5006311597593998,5.484509303427897,875448.0160205038,61.6322875872515
252,east_africa_nile_headwaters,2015,train,5.43020296065238,176.27983378418037,30.271941087596108,47.95230816402307,1.3526185167595333,1.0492847249058355,0.28822324445180064,0.6800555782073814,4.478926942630856,30.87794119109516,3.2010733234365754,218.7506308207589,4737.250373766704,59.569698948651705
253,east_africa_nile_headwaters,2015,train,5.209371665128299,179.53521907377822,42.70024989292143,26.87444471492877,1.435995472956882,1.068662018296299,0.2650135931791056,0.27307599170438945,4.995745475744363,29.503123238941075,2.522140452491901,11.853724118573398,194980.90764492613,54.23049971163
254,east_africa_nile_headwaters,2015,train,3.4702001075892084,297.109811378193,79.18672279478585,39.76196184333541,3.5673952770094353,1.7685107820130537,0.3000908250155939,1.204905068290511,3.0858547284245574,28.511281356340636,3.724669585676027,47.59725792808654,15941.961978791873,52.402615518621246
255,east_africa_nile_headwaters,2015,train,4.56413827057812,377.24425777933953,87.78227888656447,31.00658116747043,3.4439164216676588,2.2455015344008307,0.2871148394116817,0.41451357077386436,3.983441086990873,23.25223158954727,2.7585441971322493,5.300350810451672,4033.1091311236414,21.452314402611986
256,east_africa_nile_headwaters,2015,train,8.058567870045033,708.721180905797,209.5183569492771,34.63005216210707,3.6644289259107756,4.218578457772601,0.34984534977752174,1.8866252991730013,3.6616376072083052,28.72862809920366,2.943719623350368,102.45694884334374,5047.061282624775,56.06651006339216
257,east_africa_nile_headwaters,2015,train,1.8941766287142552,301.9809170155907,60.08511669408361,50.03350078796303,6.642748103973718,1.7975054584261352,0.29040333563488846,0.64852794802542,3.136259148187339,24.24053188228274,2.4310887165019506,15.335311423011074,601.0190973910907,22.83731757754713
258,east_africa_nile_headwaters,2016,train,5.546986744252221,468.87721796058617,133.2648738618876,38.82790657297799,3.5220114359569186,2.7909358211939654,0.24963592302641716,0.5642441844876052,3.5358181584729484,24.20211172631325,2.274655895211522,630.4794353760432,5346.753909383164,75.13455156337837
259,east_africa_nile_headwaters,2016,train,7.03256998196443,261.36330514099956,59.806760044490076,24.079424844491452,1.5485288795044934,1.5557339591726165,0.23429567409381924,0.7584869360019334,3.222551021359735,24.611828840266067,2.5405032724405667,5.209920536297725,5148.567734268943,21.60280997617683
260,east_africa_nile_headwaters,2016,train,6.235979362902185,259.9504435217185,37.95115809447264,66.8559620527852,1.7368993464774394,1.5473240685816578,0.30846727701934795,0.7706775501443152,3.6004709307614915,24.737495856476038,4.2706134473271105,26.720084488917543,1271.9577379216666,30.84237685438841
261,east_africa_nile_headwaters,2016,train,5.8749098459354645,191.44674379092442,47.74434344667235,31.98222938693302,1.3577991606924837,1.1395639511364548,0.2741583633348327,0.3661347524650398,3.5097900177988377,33.95376866650391,2.193514261015623,109.3903277892498,28817.621147638176,64.37313872267609
262,east_africa_nile_headwaters,2016,train,4.017848807616063,320.59932375821995,46.24586989095123,40.97703800045048,3.3247406251999987,1.9083293080846426,0.23887462553590427,0.5915052380620867,4.070999439291327,29.32265417804262,3.7800219859629633,12.236844362758346,102108.69450192015,51.571355478107975
263,east_africa_nile_headwaters,2016,train,6.000633804064796,483.52172181680265,114.31976596339814,68.16243997285012,3.357435075505884,2.8781054870047775,0.2251580776084824,0.9653480543438892,4.288502273943003,27.87729520290068,2.6601940003859146,62.74663131912724,5059.781616584763,49.391127349199444
264,east_africa_nile_headwaters,2016,train,6.071158776510224,250.3517046940012,50.65597334918952,37.10799239966812,1.7181762844477553,1.4901887184166738,0.24862952136500613,0.7916216895821991,3.464321535573495,23.836620183873112,3.0874307333149913,17.15016333014503,636.6395524032778,23.584090066254404
265,east_africa_nile_headwaters,2016,train,2.960286829979216,333.2396043389305,50.57798765480207,67.15898791195579,4.690418297817307,1.983569073446015,0.2822465913949823,0.22774733696633087,3.7037594070515345,22.505551626373762,1.2235473039467464,50.45088192766489,14165.446847466654,52.58298193998963
266,east_africa_nile_headwaters,2016,train,6.581950811704388,374.28506487885755,96.12194678769903,63.37855243080438,2.3693903954564353,2.2278872909455805,0.288779139397941,0.4069374855058746,2.383694553896894,26.052521481823504,2.308347469452656,34.08766251016907,3315.101927077361,39.38388915202602
267,east_africa_nile_headwaters,2016,train,3.0020194878977664,183.55081977958963,36.95275790391649,40.81742720333717,2.547601990920193,1.0925644034499382,0.25261786209409065,0.44919040960578355,3.878319384780492,20.97650076592224,2.8146467636758157,80.64299973372756,37132.41745737852,62.71854477048179
268,east_africa_nile_headwaters,2017,train,6.480123573332652,359.92017237386784,66.34600697704066,33.131020848142256,2.3142573871008056,2.14238197841588,0.25290457426067187,0.6790374380722044,3.576703942320268,23.895773106631868,2.974715817736477,36.893015168099694,2058.156793718921,37.55879883218492
269,east_africa_nile_headwaters,2017,train,1.8569355807281593,164.6847693846738,38.02907608445699,42.03679088227697,3.6952630248688187,0.9802664844325822,0.2615857735035233,0.3734551346234014,3.3397814737490927,27.92186500774606,2.7622686774627763,26.93823938206864,44271.52434223231,51.752322004150486
270,east_africa_nile_headwaters,2017,train,1.0,911.0817916181782,115.78965314644603,38.01186554734123,37.96174131742409,5.423105902489156,0.25240861356045835,2.263237323029484,3.2520682212984737,24.05572290028183,3.754319349753555,72.05327471521285,5192.86182147948,53.249681117318225
271,east_africa_nile_headwaters,2017,train,5.670621238690935,355.70199593302794,85.1999287641342,26.67544395066642,2.61363188852848,2.1172737853156427,0.24764055103970742,0.9494723844046355,3.5375678110704025,23.60645139295587,2.003072637563311,51.67956530375102,6267.573997734375,47.602586664661416
272,east_africa_nile_headwaters,2017,train,6.648686761069769,302.0442329652556,61.64133363529558,36.52291731037637,1.8928815307171085,1.7978823390789025,0.299126846508636,0.7522999272116065,3.0546590532313314,26.618394872946066,3.1659541574566576,71.80590551627925,23813.100871212428,59.77981906687008
273,east_africa_nile_headwaters,2017,train,6.063068615319468,402.65099812610794,119.038835881645,63.17533927050991,2.767101279297853,2.3967321317030232,0.30908971617783787,0.7733965267565658,3.4603267892792844,31.133748939789662,2.759244555803545,9.007419911920952,24133.45541233006,38.73625975022805
274,east_africa_nile_headwaters,2017,train,5.108454927547726,291.9305962573635,37.236011200119826,45.84297392590702,2.3811064238744177,1.7376821205795447,0.2750388556712679,1.1982857508165385,4.082073658019433,27.426594697997192,3.9009150300990254,474.86017458132216,256553.61594668182,97.89935031098128
275,east_africa_nile_headwaters,2018,val,5.198742674741359,251.1968214264529,49.54043173263645,39.390997808912076,2.0132818415796896,1.4952191751574577,0.27253691326707874,0.25211668771081797,4.85559634291847,26.53890051028028,2.880187185826019,10.265846245551753,538.8116400934333,17.83357615324941
276,east_africa_nile_headwaters,2018,val,10.324355636744365,249.55587142974437,65.54232006410253,25.002522174473125,1.0071486953205722,1.4854516156532402,0.2816250747064109,0.46062943301365805,3.489220926834269,31.120154480048022,2.0328296217383297,2.4156922769592324,354259.8392216987,44.8888866255979
277,east_africa_nile_headwaters,2018,val,7.48126699587421,643.7381705035026,90.1902886799959,44.95167668810725,3.585278240406522,3.8317748244256107,0.2933386180738061,0.8235664438386913,3.428890125466301,20.644234807664734,3.7720835173555485,97.84596556916041,548685.4600954509,88.66484124479129
278,east_africa_nile_headwaters,2018,val,6.284486341508032,377.6946531191177,90.30101349607057,45.33934260813639,2.5041469355028045,2.248182459042367,0.2264577526048896,0.5135136898646928,2.414783988475993,24.802083323733516,3.103926325940506,31.554404240973053,332707.2292524854,70.81908412753158
279,east_africa_nile_headwaters,2018,val,6.095555944663624,405.8998518164635,77.42686018822108,55.58077740645018,2.7745613327512944,2.4160705465265684,0.2626581836065052,0.7761292488995655,4.615735508123315,31.096785630516862,4.511582798457914,31.267822618973398,16035.493479610248,48.89987207183315
280,east_africa_nile_headwaters,2019,val,7.645939589706938,297.0695105396673,67.6459888928431,60.5654723243958,1.618884916269731,1.7682708960694482,0.2845282776945312,0.7379249519583242,5.676430959108893,28.606973320093285,1.8679604900324265,10.740762329027191,134496.89457823592,52.01963587830195
281,east_africa_nile_headwaters,2019,val,3.847646423591131,397.89139650026414,103.35858578351704,30.42161274131289,4.3088180051735305,2.3684011696444296,0.32394881654204893,0.8167760157547469,3.51012071318211,24.65393051360413,0.5,55.46081672017456,219359.84415188342,74.03708745292656
282,east_africa_nile_headwaters,2019,val,6.698424221752253,411.7921376781757,95.80266283565169,23.046118554992745,2.561498819509264,2.451143676655808,0.29917640879548063,0.5699268277617325,4.822300918477079,27.31919953578543,3.0990790518197255,18.016886469067966,43391.17698201149,50.168091598560416
283,east_africa_nile_headwaters,2019,val,9.033593817915186,116.88844995397343,31.512460733938074,48.94552979882262,0.5391378204050757,0.6957645830593657,0.3005664891607593,0.38829931244928595,3.475564712246797,27.890233676260678,1.7705824340259,6.807700965442384,194585.24684311784,47.48952830021792
284,east_africa_nile_headwaters,2019,val,1.3695621142451353,302.9087777151037,65.4286899951317,14.69681370351929,9.21549956747972,1.8030284387803792,0.3533772169077919,0.47603233465523037,4.591147170176108,25.286896358979416,1.6042594385512878,32.495280766821274,8760.370485171257,44.23620871966196
285,east_africa_nile_headwaters,2019,val,10.439584331536427,279.2302685283268,73.93613654474954,51.366040108621455,1.1144691352190377,1.662084931716231,0.24626944443715995,0.6879776447092306,3.734795966536988,29.177249238542046,4.109119927723359,96.62622310507957,281.44075094543365,40.8221736443458
286,east_africa_nile_headwaters,2019,val,1.0,201.26250769441108,44.502339543961455,19.738401230360704,8.385937820600462,1.1979911172286375,0.28373037391517586,0.4625047426705397,3.800891464435254,29.77563625790689,2.560857549906948,131.62890600188487,67535.5610180941,72.73272000802471
287,east_africa_nile_headwaters,2019,val,12.339967725984158,427.77535211176837,58.58720306630525,76.30529773863515,1.4444100179553336,2.546281857808145,0.2466541852993166,0.9499155007867529,4.998389126448027,26.503280734638945,3.4245355584567934,12.17652454960842,62965.241799005606,48.92229305857215
288,east_africa_nile_headwaters,2019,val,6.386801728471606,783.1229454066892,99.35534458965812,6.0,5.108992593243891,4.661446103611245,0.34065700334578025,3.7765432047911114,5.096970624726544,25.153517502077218,4.790566132040706,24.037158772916168,25671.897555234933,51.63728425732146
289,east_africa_nile_headwaters,2019,val,5.747933513819132,242.87755097722118,53.17990048627141,55.52020310787951,1.7606149989477164,1.4456997081977452,0.31591420454172037,1.3434698758605523,3.0568222078899376,22.453289287941107,3.0554936607321275,10.537953879945979,4114.624126198765,26.900577936105844
290,east_africa_nile_headwaters,2019,val,3.047701849338489,145.68335109059996,20.895207830960114,42.88913875083348,1.9917104522847395,0.867162804110714,0.27883732394096045,0.4851391815913603,4.496124800928256,27.273205891584503,2.784944373657744,102.23620389511039,589844.1602966101,84.99168730039393
291,east_africa_nile_headwaters,2019,val,7.553263245476709,380.08143889367204,90.51894530224808,41.27758380652073,2.096673464949541,2.2623895172242383,0.3309722525613802,0.9392910609250419,3.509639418329357,20.3438012974189,3.021711318045116,388.3666799269556,383.9137033765056,57.76857918070628
292,east_africa_nile_headwaters,2019,val,7.806408410508037,195.3552127306773,26.873204507298404,15.560090375519533,1.0427074913846526,1.1628286472064124,0.3526290003062046,0.4226267217823865,4.506560471856183,21.68080300062403,2.073052946385241,350.1325038985759,38102.51613847886,79.31191234834284
293,east_africa_nile_headwaters,2019,val,1.0,311.0403105837973,72.20786315044184,60.91739336863128,12.960012940991554,1.8514304201416505,0.3068082473848187,0.4741432446999036,4.178416219336724,26.029633966241164,2.0747526031645958,41.06900012006423,650.0184599309567,33.67590006357731
294,east_africa_nile_headwaters,2019,val,7.94233512261693,583.4604580497082,80.11805356854167,17.226430473258446,3.060919999397813,3.472978916962549,0.28493778707077166,0.9813356695490469,4.157709213014996,26.047022050895123,2.692287878394373,118.91118006797024,10851.519478162669,62.02813722247066
295,east_africa_nile_headwaters,2020,test,3.927617140217165,263.15603116609276,35.69258711265489,42.49459979984381,2.7917269531302296,1.5664049474172188,0.33898562786208636,0.3993068770286772,2.341457136953272,27.21034898802671,3.164030973223106,2.980472484595933,110349.73953357413,38.15331513674314
296,east_africa_nile_headwaters,2020,test,8.84401253801882,402.8008354577063,86.78747192143408,44.10473854289119,1.8977096732871435,2.397624020581585,0.2350475311827614,1.315202778378815,3.7042390412534,28.487805383401575,3.2971237438335406,47.81052606663456,296340.6099921236,74.67966446532822
297,east_africa_nile_headwaters,2020,test,7.795351834459533,184.5757091447701,51.13487600222689,43.61325809481198,0.986569267303887,1.0986649353855362,0.24564641039458723,0.4692696279476186,3.9274651860843695,19.299756661672966,2.4548306504359974,6.243637908766084,200319.35822330142,48.131928539351456
298,east_africa_nile_headwaters,2020,test,7.551853635438979,213.9145597669327,49.56651929372959,37.77356061332311,1.1802541584133104,1.273300950993647,0.26466506636727355,0.711614064452069,3.7958989008502426,29.79728304208673,3.169729430169584,25.10550979292198,3417.4775687687256,34.508933214781194
299,east_africa_nile_headwaters,2020,test,6.7320052142030855,694.1879000553906,186.9501101827132,56.562559003533025,4.296564680998285,4.13207083366304,0.28028005314003757,1.33428467062664,4.0716964460519165,24.939920918688774,2.222897421100841,40.845868151364826,140546.7054945161,69.30601162287186
300,east_africa_nile_headwaters,2020,test,4.494539523409269,224.45009909505612,29.455691365426762,57.19085543151891,2.080766542063938,1.3360124946134293,0.29534198404820944,0.7201751798096466,3.628347457616031,26.448445497078687,2.9517724458747687,11.75367796639589,30247.33887871645,41.19263902762665
301,east_africa_nile_headwaters,2020,test,6.5874453605411105,267.83253013691456,58.91166520943658,64.9624689894998,1.6940844507874728,1.5942412508149677,0.2440338054424433,0.5684095534090035,2.64698247346374,24.311093591327477,2.7413695469722867,10.987341905691904,81001.92897912864,48.20099333833833
302,east_africa_nile_headwaters,2020,test,7.587105735862304,437.8249659532924,90.46719868180907,25.730857075026023,2.4044355713262195,2.6061009878172166,0.2540186026565,1.076516058413148,4.803038122032815,23.4190740973913,5.060974868516169,3.7887804941358163,45980.86707543211,35.45450334102409
303,east_africa_nile_headwaters,2020,test,4.600362461291084,449.3825334661854,122.25997609979319,49.73871768815301,4.070173249457998,2.674896032536818,0.3214907636733236,1.052923666723086,3.742616176446916,26.701934497392717,3.2560039831202405,20.2889305392369,4031.4763286233415,35.56978319265048
304,east_africa_nile_headwaters,2020,test,9.964436385300438,426.13732298169333,92.90637048153329,58.80080671248283,1.7819092926416968,2.5365316844148413,0.28088303422088967,1.3084183913083642,2.835779176629517,28.11630322933824,3.2900444851375545,162.544616580234,330.6424529741468,48.207383294576815
305,east_africa_nile_headwaters,2021,test,8.965523757024727,339.8317839741357,55.69501003591306,22.233634671242843,1.5793452841496871,2.022808237941284,0.2801997974391223,0.5002008987845108,2.761646111687376,25.5516299724804,3.2617317175851497,116.8260958005548,79285.0209858818,74.21798287083699
306,east_africa_nile_headwaters,2021,test,5.487980032461413,615.7628692490175,86.81441251994224,14.590067844422048,4.675087384966622,3.665255174101295,0.1970294165061642,1.7739173168163636,3.699698981342693,19.93610459132763,3.343485324193659,62.190696332350775,3187.6233274348274,47.37468477031617
307,east_africa_nile_headwaters,2021,test,4.159735240648361,595.2442983446472,144.3109137317479,35.12979103252631,5.962361623884153,3.543120823480043,0.31004323991887517,1.509648183385234,3.400877042608332,23.77988759081819,4.28632712427397,6.039766416976485,10088.278922830958,30.071141428401408
308,east_africa_nile_headwaters,2022,test,4.668811066126108,261.98309326368485,37.43611404052571,64.15392080036267,2.3380603894039336,1.5594231741886002,0.31816113487004827,0.37830738274409664,4.9417136557129275,31.51193732209967,2.4921868995422414,112.64040169127327,64905.32723135245,71.5265277376595
309,east_africa_nile_headwaters,2022,test,6.742833294291824,222.46309263345083,38.2067111078746,34.79167069391756,1.3746885206610029,1.324185075199112,0.3197108353348321,0.25001650601695175,4.5287511495568795,22.615132195896713,3.502959127205261,1.6838027991592366,38567.85388681291,25.582121180528365
310,east_africa_nile_headwaters,2022,test,3.8129372216636526,333.857576512153,52.20357979904889,42.26036720682352,3.648298292360434,1.987247479239006,0.2653125675206819,1.2929581484872854,3.303301247675038,24.823276716199548,2.5551503598568095,22.415970809948718,150292.44719290847,60.888512680879266
311,east_africa_nile_headwaters,2022,test,5.697947387398048,578.9317307925811,96.34259994662399,57.35012020478716,4.233481604804041,3.446022207098697,0.2670313532149724,1.365448727729652,4.792519551510911,25.03800254332838,3.081027300491466,50.32246501786356,74158.64358099714,66.25897744411638
312,east_africa_nile_headwaters,2023,test,4.786407632832905,357.98887431923754,97.30523311287553,53.37769233192179,3.116367062912802,2.130886156662128,0.2986763576018998,0.7686315890950577,3.8094428716871547,29.48234249365224,4.082304103425908,78.5990938330168,326367.936749649,80.44574666115193
313,east_africa_nile_headwaters,2023,test,3.1598912289364773,187.45693121939348,34.18187381501806,24.392314789510465,2.4718273198611245,1.115815066782104,0.19137917963991963,0.3918029776234743,3.417610460671741,24.920090842019345,5.03888084018012,4.075903213675699,20417.768298530616,27.60885193928756
314,east_africa_nile_headwaters,2023,test,7.400883608812151,219.1469833169652,49.20331559140428,46.14130274984671,1.2337883944021522,1.30444632926765,0.2366476120575809,0.391273883203106,4.705972057720741,30.016558041593655,3.1654871716470536,390.63065526104657,10878.285410713761,72.03491325785295
315,east_africa_nile_headwaters,2023,test,4.120202084442394,354.3893146263528,52.49705760682083,41.879153858625074,3.5838585438614667,2.109460206109243,0.3050767493680596,0.8309620889949298,4.779485213967733,25.724638289409754,2.6611463666659128,27.193244677195292,554.0918439812577,29.200973663959406
316,east_africa_nile_headwaters,2023,test,5.361068081303745,444.91535822010667,124.86861254397519,53.89045923043453,3.457919139375961,2.6483057036911113,0.2606446643497522,1.9780991863235662,4.345158389083542,28.969142884323603,2.4599461547125254,39.351331177561434,166.0625610346592,31.807576291091983
317,east_africa_nile_headwaters,2023,test,1.0,233.00089706517238,62.84259613036629,29.010444297661632,9.708370711048849,1.386910101578407,0.28715105292016424,0.5278968877029502,4.086301532466527,23.511342519146194,3.676139072462445,99.10943700074205,633588.8787004034,86.54699251920853
318,east_africa_nile_headwaters,2023,test,8.334165273462032,216.7645411166008,59.724721698932186,30.43092503893668,1.083714515311803,1.2902651256940525,0.3424362495766175,0.22944986945579207,4.028653917223887,24.07861725653836,1.7747745128235934,26.002836603609936,840695.490337242,73.8491823364088
319,east_africa_nile_headwaters,2023,test,6.442124832441175,408.5963810525257,88.47776216735586,28.78769138453135,2.6427381730928854,2.4321213157888435,0.25909771291433054,0.7329009791807749,3.735448843390539,24.066694748771074,3.1132320964710667,1.599990603140839,28067.15000534055,24.87282061147128
320,east_africa_nile_headwaters,2023,test,8.43312066837031,138.70311525178127,18.004356881079847,6.0,0.6853093529777584,0.8256137812606028,0.3135694270104258,0.43133436006975123,3.6622435933824224,24.80642454890671,4.062917134022874,88.39610290360902,268.7603628369701,37.705601672838434
321,east_africa_nile_headwaters,2023,test,2.5675601566698574,617.531212085904,129.1585770895518,33.40995797821703,10.021368770427793,3.6757810243208575,0.3183921890089511,1.4613969731257668,4.229539365109623,25.15035022360391,2.5520282531993086,17.91984144778435,132707.1546117542,59.6524100933707
322,east_africa_nile_headwaters,2023,test,1.0,586.2658570479794,110.00165290986263,38.94478034007894,24.427744043665808,3.4896777205236864,0.322921263119161,0.8560886855684889,3.9877355375145056,26.21016666712338,3.4608318621028413,79.12454325265885,3590.136000585646,50.52770585830647
323,east_africa_nile_headwaters,2024,test,7.28847603664856,272.56079385483656,64.18166432504292,25.680592726743516,1.5581720632470712,1.6223856777073604,0.2718284333434026,0.7459563708971633,4.182743084927071,33.826419509203305,3.344013011599682,36.87740627507566,137931.6306850143,64.96037662058552
324,east_africa_nile_headwaters,2024,test,6.239601427134986,138.1357954870527,40.981799452717,29.288751186332775,0.9224400328302166,0.8222368778991231,0.25995009830557525,0.20924266456343452,3.6511752123840764,27.465125492017492,2.285112637538554,19.907898271926744,17402.898429338802,41.364892125386454
325,east_africa_nile_headwaters,2024,test,9.643374460558832,145.80921713540008,42.00527315270781,36.80253792803311,0.6300060287150012,0.8679120067583338,0.24421137660746076,0.21280958236043435,3.897797144905276,27.039884616103063,2.7132869047691366,6.057372506095584,167294.59262116152,45.844051579254206
326,east_africa_nile_headwaters,2024,test,11.138627415894458,319.71200549271595,80.4135727706049,45.941641546276884,1.195958268896524,1.903047651742357,0.26789123614172683,0.8382329103081133,3.744992064562972,22.561625295794144,3.0001548937480584,37.73582055631236,559655.9002197084,76.05943679900288
327,east_africa_nile_headwaters,2024,test,3.950290277858506,259.9043967327146,37.18656767682006,13.335301958189952,2.741406099840798,1.5470499805518725,0.2643195727451015,0.5241066262378556,3.8604100442385123,23.31276315416963,1.7831396176047036,49.598356608315946,3572.427084752456,42.720055002689676
328,east_africa_nile_headwaters,2024,test,5.098372044937681,125.02442198728471,30.156594974893842,27.02595527759336,1.0217675113194957,0.7441929880195518,0.31891759175544054,0.21242512638854213,4.401975021148663,27.3530201955343,2.8262493780343276,9.501387192386304,488934.9422638031,57.770887565082084
329,east_africa_nile_headwaters,2024,test,6.722713643497957,281.2312920919314,69.57946138017336,32.07079711296789,1.7430417425504665,1.6739957862614963,0.2875411615018282,0.398592155067005,3.7655844345293117,22.654552116403554,4.387198958560552,27.883640612398263,3180.6668310788214,36.06737762243359
330,east_africa_nile_headwaters,2024,test,1.3194101541499812,202.38008110806095,27.59225282467052,19.905738183495554,6.391116024823311,1.2046433399289342,0.2700777404958164,0.7884014608706165,3.822903052840471,28.30770416770399,2.592166544506341,5.806180848838842,9087.657570247206,25.51470014460964
331,east_africa_nile_headwaters,2024,test,6.60539905308292,550.5142631824551,81.38832512306945,41.38802482387049,3.4726280902836795,3.2768706141812807,0.29136136406989444,1.6551474197754712,3.0831113744458194,29.77103695546726,2.1150847952991607,66.9218513664045,375523.77670839883,81.15161651250656
332,east_africa_nile_headwaters,2024,test,10.603780467718675,303.9436137288654,40.5294711943547,21.86720989551653,1.1943209572526503,1.809188176957532,0.20869733996721876,0.4500071244536479,2.946776528181917,27.414320913199816,3.0329424775119147,82.4263685748461,5678.150547238924,51.582520131878915
333,east_africa_nile_headwaters,2024,test,11.320238269380328,482.79615925340295,137.62772628187435,9.865211231921883,1.7770391538463295,2.8737866622226367,0.2952153305654619,1.4521462965443068,4.9780919833109065,24.600185278964652,2.324873665151646,32.376996518807324,24989.76589165569,52.985447513773266
334,east_africa_nile_headwaters,2024,test,4.219376740932972,553.5058301671633,68.05141751385784,36.33606827402758,5.465912228196115,3.2946775605188288,0.3304854732237474,1.2031974105805219,4.189022434460661,25.22358335799576,3.1701956425843116,101.92591968230359,277.03400354075285,43.63112054111863
335,east_africa_nile_headwaters,2024,test,3.437643070402057,284.7278652382691,51.053598197040856,39.5759489678043,3.451103214798564,1.6948087216563636,0.2858131381603698,0.8236056659944853,5.244818468225035,23.199584129832253,2.7382612660072474,72.52845428584443,28035.082749970552,60.8677117294574
336,southern_africa_limpopo_zambezi,2000,train,4.996943696067643,183.80827328696319,37.11918955422696,53.363073703601046,1.5326724733061292,1.0940968648033522,0.24836829215707126,0.2898909448845666,3.0052647401066133,17.8565636048131,2.2226907255344575,9.231418421297322,19.418208379776278,12.770431960474655
337,southern_africa_limpopo_zambezi,2000,train,3.7112169526229284,205.7424507204353,59.69741451925441,14.6837790247469,2.3099167261813474,1.2246574447644958,0.23354593872863424,0.31044096515648756,3.8298652833216216,28.323276923462814,4.086728970432281,33.61815375967544,4235.358317109769,38.79066155577267
338,southern_africa_limpopo_zambezi,2000,train,3.7940260777614263,442.5131091319939,75.18308902131332,29.525750116684343,4.8597573753926335,2.634006601976154,0.20000711948221575,0.8087960611777366,3.591073803813553,22.77068777895707,3.3657950987122285,2.0369956928535506,4626.351932232748,14.68963373010014
339,southern_africa_limpopo_zambezi,2000,train,3.3901219481194835,416.40528978854485,119.6765884934984,25.70040153528365,5.117875012573009,2.478602915408005,0.1747983674336976,0.4367508376286302,1.9241335716330483,22.712514304009982,2.1157456445102594,1.9166430670752947,16295.755359882136,22.364397032017994
340,southern_africa_limpopo_zambezi,2000,train,7.438031601660355,173.2610060346108,35.53641233812471,38.910968760285414,0.9705805206802216,1.0313155121107787,0.26114371767155464,0.37040155626820415,2.019969138122777,24.654571138386853,3.033373687658899,46.47325827370236,6402.344934053323,44.36726186009298
341,southern_africa_limpopo_zambezi,2000,train,7.023190729315308,307.4870843122635,45.101997782949,48.588082944675705,1.8242366383225583,1.8302802637634732,0.14070791432321944,0.39344940959422925,2.609691032657159,28.826696639450006,4.255723196679654,4.191223242743584,11068.798974183095,25.12247533396766
342,southern_africa_limpopo_zambezi,2000,train,4.846162029531051,226.13495776755815,40.71363979140224,40.69262823569403,1.94427876112375,1.3460414152830842,0.2009583684685803,0.45936108124569874,2.023997755032305,27.73695130700054,2.470728376170891,3.3033353912945316,23333.141329485632,27.278161470480235
343,southern_africa_limpopo_zambezi,2000,train,7.345210138934787,217.36136866366715,43.56195861819421,34.78668573523919,1.233010836042995,1.2938176706170663,0.23841301925852418,0.27367694662151104,2.5701735557085286,29.360614172741887,2.8341999050141937,15.763436627527836,2673.2574289663726,28.26286944367931
344,southern_africa_limpopo_zambezi,2001,train,3.547323982378893,219.94143840665438,44.769492049382606,25.699125263709927,2.5834196836263,1.309175228611038,0.2396483988865867,0.2020002007184672,1.8484333324211828,24.931860939834323,2.8006573818483,4.389320881447364,632.6715526467458,9.665805477128176
345,southern_africa_limpopo_zambezi,2001,train,5.339520815477184,355.5934046831346,87.21532245100816,34.77174391549055,2.7748542189123686,2.1166274088281822,0.21504518809586795,0.3459747240460566,3.0137817530286193,27.412586058827507,3.020885519326229,47.31306467436235,56054.95162937169,61.91737811582026
346,southern_africa_limpopo_zambezi,2001,train,3.059102969566318,287.4431864217594,48.492856027709244,43.93006265169467,3.91513445392062,1.7109713477485677,0.1833007906641322,0.42352386761926125,2.5407429356544946,27.320026153800875,1.9704454726116194,7.550796505701414,2843.0469878998733,21.97411838903423
347,southern_africa_limpopo_zambezi,2002,train,2.5230967690309534,467.1117869921765,119.31707060347226,55.40586493077127,7.713929708748024,2.7804273035248603,0.17571610025060821,0.4384100145929574,2.8836856864885774,22.306108070917666,3.5466960496036997,39.165111216765865,130340.93288879408,66.94569168286371
348,southern_africa_limpopo_zambezi,2002,train,1.3317621407426001,241.52065794276427,56.258566658493876,55.446208355402824,7.556425009952434,1.4376229639450255,0.13015694269220152,0.3671318889367033,4.060308139198704,21.052346127271004,3.49731798247693,2.148749525488165,15144.608602861454,20.963154728701873
349,southern_africa_limpopo_zambezi,2002,train,4.079972023777244,302.65606905556547,48.91486408094677,40.784067707966365,3.0908715722778215,1.801524220568842,0.2478767686255971,0.3822148126363671,3.7319413898415794,18.908322529224368,4.616275819572569,77.05662123830265,92239.83947915323,70.37596627470474
350,southern_africa_limpopo_zambezi,2002,train,3.543185443391368,285.5106726859857,41.439643509807816,61.99669282732048,3.3575092861061733,1.699468289797534,0.23872227410999014,0.5428095376042605,2.3635967667068014,24.714528845789182,2.931621783943218,16.39594962742741,3518.5991266973806,31.052212655321647
351,southern_africa_limpopo_zambezi,2002,train,9.729279072099331,153.82929555954348,43.344978012976824,61.70272923854036,0.6587902283560078,0.9156505688068064,0.12401417986591885,0.568743908946846,2.193211903138297,25.718746668946,2.791682851759585,50.37445653099739,12111.319828009275,49.14668049558425
352,southern_africa_limpopo_zambezi,2002,train,1.8135402693428149,435.7796579634511,72.41703665954213,39.63715547680566,10.012176765756065,2.5939265354967325,0.1348826889447119,0.35601429676017504,2.474789211738134,26.462772357525164,2.948631344969087,232.65147670800712,418860.96052156435,94.91378116680151
353,southern_africa_limpopo_zambezi,2003,train,2.606622727000144,285.8623966601286,42.11842742642951,32.872318865091366,4.569488737589514,1.7015618848817178,0.1448646321380955,0.33128218593077435,3.305932550612017,22.76353753144207,1.9505606835288345,178.0554606111953,371226.23324831715,89.69291197664076
354,southern_africa_limpopo_zambezi,2003,train,6.299417415082839,239.53818155998377,70.280348978656,43.959443449813605,1.5843937474443537,1.4258225092856176,0.13038183239347512,0.3509526923948563,3.3993150822612614,23.61000104389175,4.189061838481935,18.040066277154768,9303.71213115452,37.62198662077809
355,southern_africa_limpopo_zambezi,2003,train,3.8923402465390815,189.72864226165555,41.38805324685729,37.76592840611357,2.031004381301144,1.1293371563193784,0.23256530495620184,0.5088059059922213,3.7977346364198628,28.464230911182405,2.8447489684304896,1.5412990920766603,970.7344240679307,2.26046407415081
356,southern_africa_limpopo_zambezi,2004,train,1.1838592603555802,275.1172040877042,60.009527341819634,33.5459102677934,9.682921966201134,1.6376024052839535,0.229243083761568,0.7181098320546342,2.3483256404706623,25.423534022364635,1.650850248911175,12.290751159541822,14886.309033623535,37.26377427532059
357,southern_africa_limpopo_zambezi,2004,train,1.4888638261464737,254.64428584870691,56.38965326386072,38.20456375084561,7.126359302106942,1.5157397967184936,0.1753007984601142,0.4049096993924322,3.3494796160159046,29.49730762325359,2.699877842864657,27.356957852327533,173.50267911739792,26.132666450479686
358,southern_africa_limpopo_zambezi,2004,train,4.068287702379636,257.27660898606456,62.010594169182646,36.884041502525164,2.634980486134841,1.531408386821813,0.23643914398412727,0.25608987404055034,3.5271628216158586,29.522898709988176,2.810435637066361,9.583216521032565,98004.68048419588,48.08728174454756
359,southern_africa_limpopo_zambezi,2005,train,6.766124980311902,504.87165881341787,107.4506931306925,50.46987572437049,3.109064520451116,3.0051884453179634,0.1729099273309442,0.3137095486986834,2.500334895617495,21.674931680592145,1.811779885620968,1.188796563115536,9638.512916781823,16.21219889594522
360,southern_africa_limpopo_zambezi,2005,train,6.5422732836084485,373.6076575703371,78.70091508203592,17.777087972860333,2.379445959724763,2.22385510458534,0.23644860940182308,0.5432585542874366,2.598624587736234,24.58268282693812,3.1310629368740193,7.079037619573903,8719.064185373105,29.065277527688238
361,southern_africa_limpopo_zambezi,2005,train,3.133907679774068,170.69576351221917,28.042105442761837,46.30423293349918,2.2694744729010483,1.016046211382257,0.2397500514042016,0.2889275073548271,3.576784874217503,20.007470668488082,3.7651739411040714,10.538442055689371,31502.866021145244,39.562940777752054
362,southern_africa_limpopo_zambezi,2005,train,4.738352691399581,270.0419719907879,40.05598781597908,49.550501173166495,2.374611930718486,1.6073926904213565,0.2523940990853952,0.2546106195892235,2.825635190966061,19.9384149695925,2.482454153347194,24.61018375015397,20338.978104043013,46.68818990214444
363,southern_africa_limpopo_zambezi,2005,train,4.5066926415527995,555.310518390825,85.71711587068641,32.72965971875324,5.134128307962911,3.305419752326339,0.16426699992852012,0.6149712053072143,3.446036964853809,26.524996863024175,3.4052619876345496,66.85684651251354,12194.36360310486,56.323330653375976
364,southern_africa_limpopo_zambezi,2006,train,5.205004749000027,119.70304111030612,23.167716333998456,33.30718687865615,0.9582367266595928,0.7125181018470602,0.22123707268144358,0.23568123879354097,3.2278338916008917,22.882397439544327,1.5444321257936067,9.484306518987632,2712.4927413161276,21.436922462352705
365,southern_africa_limpopo_zambezi,2006,train,1.6476468907087218,291.6102707664754,59.27053314718644,27.014937201762415,7.374412574150967,1.7357754212290204,0.1594560610982198,0.5954020553872941,2.19193300592307,25.532077868524677,1.9125450050193193,40.134637002548665,62199.991677207596,60.25040769515163
366,southern_africa_limpopo_zambezi,2006,train,3.8955299981193723,325.3428619444558,94.4193153319743,33.24595696173875,3.479873749544565,1.9365646544312847,0.21915673764567345,0.6283269441644417,2.900392361811373,28.955753116260773,1.5586703336170598,2.9023816910142224,369.2710186415753,5.992924478074507
367,southern_africa_limpopo_zambezi,2006,train,4.492814031210439,126.49427209272356,18.624117975006364,27.03756653533851,1.1731165888275512,0.7529420957900212,0.13467702851336127,0.21503627799992361,2.7961914751132255,23.278230493221987,2.4738223831275556,10.49911955290354,153080.49968077432,50.23434624794666
368,southern_africa_limpopo_zambezi,2006,train,7.649225652374776,389.6935756382872,103.90076455229928,27.383857667651508,2.122728895207969,2.3196046168945665,0.2529190272956791,0.9743099764362299,3.4342455133193184,26.22600100913655,3.6731078107562958,93.32360456382328,3185.0011704051217,50.2871229053426
369,southern_africa_limpopo_zambezi,2007,train,4.517703178560426,371.3378570288138,61.62196562467851,13.321138011387347,3.424840034414173,2.2103443870762725,0.22600285174713308,0.46570288781903457,2.982593859300315,20.08028987490789,2.9762195844766075,10.11928465081051,50.83249335670495,16.10427983233296
370,southern_africa_limpopo_zambezi,2007,train,3.7430331903432026,233.06017728614577,29.593452717349816,44.74284446332567,2.594377401009815,1.387262960036582,0.2252631359097243,0.31300379287038643,2.43316120335526,23.590252609270458,3.8276151657470012,31.59781311905667,6684.944741971543,41.34398400875402
371,southern_africa_limpopo_zambezi,2007,train,6.413732686206867,218.00900007344393,65.10919236524278,54.48957431596848,1.4162904475156222,1.2976726194847852,0.17667261013615584,0.2535963706619919,2.524936033709316,26.409377970202183,3.408188160847234,17.540670878162192,1263.9560776610356,25.804208468823617
372,southern_africa_limpopo_zambezi,2007,train,2.8122042024324845,169.86412982834523,42.723349674380444,33.84906629296026,2.516770322033886,1.0110960108830074,0.2050964851789247,0.442490780668258,2.59962770174,29.496286189637544,3.8568539152740193,24.986256388483756,466620.7789216908,68.34768450850503
373,southern_africa_limpopo_zambezi,2007,train,4.405826391592996,121.37669059162648,20.37759506871475,45.11958868553015,1.1478804788211068,0.7224803011406339,0.20382023779583835,0.13969909665015204,3.867688304285184,25.788743784397393,4.13189332621818,45.17795199078635,4402.017240401972,40.743396867621115
374,southern_africa_limpopo_zambezi,2007,train,4.081259007688562,96.0169162470253,11.793777328163216,20.530592184233267,0.9802624229653757,0.5715292633751506,0.2110972440311901,0.11173838979433026,3.1437467767745724,21.884364752058538,4.025076372846376,19.931500444635237,40299.29941174405,46.431228956251545
375,southern_africa_limpopo_zambezi,2007,train,3.4134998373246246,204.18521107277428,46.36245551309072,27.823936318232242,2.492373673203482,1.215388161147466,0.19679171169557974,0.24743586670752002,2.1476173663322156,25.100463845355623,3.416657463576394,11.226297574430896,432556.02795258915,59.939159187582284
376,southern_africa_limpopo_zambezi,2008,train,1.0518714498927988,263.063438345038,76.41715005550425,45.37639332828148,10.420452612177087,1.5658537996728452,0.2290502199924112,0.4485116797723581,2.3239630910047167,17.811791204791668,2.595179544131956,143.80443011446343,26335.410101359234,67.70965713151064
377,southern_africa_limpopo_zambezi,2008,train,5.563111524827507,300.60490929222476,63.78428229030367,6.0,2.2514746465074795,1.7893149362632426,0.22318176461549652,0.4314705553539806,1.8445603938784876,26.397093943819726,0.9055335424808069,30.982972131443343,3896.9899187126002,38.584304272532464
378,southern_africa_limpopo_zambezi,2008,train,2.836822742232852,207.93693602011663,58.565829240477036,46.58287336911675,3.054134779679171,1.237719857262599,0.27469483700869424,0.44388710256894176,3.7577868431560812,20.631128718266336,2.554985715261749,17.92885112005682,3694.9806339724873,31.300576741180393
379,southern_africa_limpopo_zambezi,2008,train,6.958731216770353,235.8313911696705,36.99158311773621,58.918323353537616,1.4120832748535828,1.4037582807718483,0.21524976217187117,0.2978200343159112,3.0683397176396863,26.640748591402428,2.7971500567341936,256.7206421780431,157035.26916465248,86.79341270552908
380,southern_africa_limpopo_zambezi,2008,train,4.650531856650809,301.50620099586564,49.34045545157337,53.139000225219206,2.7013594922184025,1.7946797678325335,0.24989459055633922,0.24787533219138125,1.8603364727215665,23.81937961943168,2.7463267858258202,2.5311812852363493,69556.02599181519,33.86660975895254
381,southern_africa_limpopo_zambezi,2009,train,2.615856574983164,254.29144287367626,34.6112738277314,48.31550768363094,4.050480782369107,1.5136395409147396,0.20070026770675942,0.36428078498388156,2.6784141466459173,25.813116536970043,3.2912337021774603,3.400604930848273,10321.03534905069,22.213364904016355
382,southern_africa_limpopo_zambezi,2009,train,4.896868650471817,116.67489769985409,20.0147096115007,41.289479116004884,0.9927679130945953,0.6944934386896077,0.1332209863696316,0.0761041980009837,2.4276953459303074,23.424267062906274,1.8112999540744146,3.3149431248704273,18235.722930052263,23.693648730399712
383,southern_africa_limpopo_zambezi,2009,train,7.876542284691201,115.20080811448618,29.172810404379412,50.96013149820224,0.6094087351966916,0.6857190959195606,0.22742156605390332,0.1527940935707238,2.9758864066748782,24.095823069825272,4.4898633830847,23.519142657960888,10609.736754786976,39.23936834646593
384,southern_africa_limpopo_zambezi,2009,train,5.043263863201894,206.37857344323376,59.22657305176651,16.18737682971798,1.705067880652582,1.228443889543058,0.26020110360367243,0.23830895444925065,2.6764996993768304,22.634960626931434,3.1364348870844605,132.11446096025392,6744.084791686512,56.68152085297747
385,southern_africa_limpopo_zambezi,2010,train,9.148036136774387,366.29786697496706,50.877578088105366,46.92421569214475,1.668381158072088,2.180344446279566,0.14417844500950927,0.34368109003325,3.0085515342643547,16.821949411255105,3.181735799727013,7.046384780866712,23428.547693488952,35.78930018076425
386,southern_africa_limpopo_zambezi,2010,train,5.281887310323517,289.0933964575897,59.659464289472645,56.27848344937489,2.2805405488658765,1.720794026533272,0.14396522874833137,0.3049298257053897,2.701629837919211,30.160500034675454,2.108369813251908,6.0426142009701485,5000000.0,73.00383312295513
387,southern_africa_limpopo_zambezi,2010,train,1.0,95.84594296971761,18.19013618285182,33.109568422979905,3.993580957071567,0.5705115652959382,0.2601646705404032,0.12903551968262417,3.30334794991476,26.130411097532825,2.6166221422948106,6.890526840131843,82657.84384827115,40.81047406260548
388,southern_africa_limpopo_zambezi,2010,train,3.111201844385801,301.491154905484,65.40809070994007,61.40749580106765,4.037710210626056,1.794590207770738,0.1762408979489089,1.0197867109190026,4.3478936267413,25.315920407759315,3.3860246758225445,9.170549784026896,12640.57194081503,33.447071006210884
389,southern_africa_limpopo_zambezi,2010,train,7.238040129367022,294.7980803191287,56.66639840569838,26.26721494473577,1.6970413436633645,1.7547504780900518,0.2169540884387891,0.3911297879951825,2.6463894395532126,28.40305205409171,3.9628128763779378,62.197321917081624,4427.3400893401795,46.85927746278263
390,southern_africa_limpopo_zambezi,2011,train,2.9813053358070043,122.49285891647192,18.406959919650216,23.47217173948899,1.7119578663143222,0.7291241602170947,0.1497952361984256,0.18537975527511197,3.705780497727535,19.11638329496879,2.64105007467287,36.6598044798734,281867.4602056291,67.84744957246525
391,southern_africa_limpopo_zambezi,2011,train,4.302628593059511,417.7472501663462,67.48040031046392,40.409686431053714,4.045465474681051,2.4865907747996796,0.2687224955049588,0.2549654829584093,2.7564675767382454,27.76060446122163,2.99570874874187,33.72053505184411,19811.798064837665,51.294280966489346
392,southern_africa_limpopo_zambezi,2012,train,3.8511542897717312,373.0110311469349,107.0759994196795,22.259419196238394,4.035705954203714,2.2203037568269934,0.23100350716625598,0.4145416733677187,2.905833173294146,25.797723490462555,2.7091015246547894,75.44804575135282,5645.639134779102,51.23567756428713
393,southern_africa_limpopo_zambezi,2012,train,1.0,256.3351234408693,70.55966596863624,35.1224990583117,10.680630143369555,1.5258043061956508,0.18270760187015728,0.4496529257610692,3.1439160049756123,28.184141536015062,3.2148396640824717,50.39531110112807,21726.28339867791,54.73977008375793
394,southern_africa_limpopo_zambezi,2012,train,2.4575082718454713,296.60755837463915,64.8244012321785,27.90794951658439,5.028934554238229,1.7655211808014235,0.12465057197414531,0.3113104734970408,3.3282591315790535,25.412532069239052,2.575052620071858,14.650756147111531,1432.0520872679097,25.404101827552953
395,southern_africa_limpopo_zambezi,2013,train,4.536706960348542,278.78640392161867,78.3372419423808,46.053664790315864,2.56046957957107,1.6594428804858254,0.15773700619646214,0.31400722607522924,3.0960390828050257,28.058686962335933,1.6589365553243038,25.939882983763336,10420.017116725216,42.71582042701379
396,southern_africa_limpopo_zambezi,2013,train,5.436838954087935,289.76677743203743,74.81894106210686,26.359326052096954,2.2207050509113935,1.7248022466192705,0.19920378415651585,0.6208747447187373,2.8093624582607015,23.771443924778968,3.729699568488291,13.774910395969938,3308.645946125383,28.92994095343567
397,southern_africa_limpopo_zambezi,2013,train,5.886270403908478,215.72933264539796,53.06682039342617,30.105938858472392,1.527065794936934,1.2841031705083212,0.12357106999112742,0.49241846048265175,3.0873040859642544,27.729174547705565,3.266152923951918,1.8908726127439501,424.51079667730505,1.669030757993917
398,southern_africa_limpopo_zambezi,2013,train,6.05330924810737,265.52130825372194,61.09827747857347,27.2918224941455,1.8276594488154,1.5804839777007258,0.2477260985340573,0.3463507303932055,3.1257741412321693,22.464126394077898,1.956108642699681,28.27647539557201,14133.643933056694,45.57575582314722
399,southern_africa_limpopo_zambezi,2013,train,4.556043370418672,154.10448833602797,24.787474175151996,64.25764812455756,1.4093413572453433,0.9172886210477855,0.14400809736056697,0.1308836160706417,3.940594005690582,22.464234351469962,2.448559406068228,2.123153256391251,313916.9862695249,41.57701224666407
400,southern_africa_limpopo_zambezi,2014,train,6.318416492027359,134.2556092522762,29.109761151145086,16.98792033450225,0.8853458340239815,0.7991405312635488,0.1990367727985062,0.10704594301060408,2.957281558368097,26.677157445068016,3.3501705824717054,41.479662466897935,15766.669394807179,48.48134080550234
401,southern_africa_limpopo_zambezi,2014,train,3.1817968478911167,304.8033904451063,77.94928214214256,43.08183968661068,3.991499732914659,1.814305895506585,0.1792887972410116,0.28616700157970665,3.228909904293012,24.36380198091448,2.9064184924365772,7.613514377642067,634.2891050231743,15.901619971020919
402,southern_africa_limpopo_zambezi,2014,train,1.0,374.19084530198705,96.4047647765809,19.187043155391397,15.591285220916127,2.2273264601308753,0.18085180985011118,0.32047979995317283,2.8572790909355423,24.02504482709639,4.244215717322452,1.4425709918109355,2385.448444927447,7.947185380249485
403,southern_africa_limpopo_zambezi,2014,train,3.729103772885444,212.60341961133773,61.05268534400684,44.731943622803286,2.3754972660052065,1.2654965453055818,0.25784385693214207,0.26939652074378156,2.6003954608691866,29.04488465921572,2.0434113566175975,34.30603796218696,1817.158886950147,34.512871973382246
404,southern_africa_limpopo_zambezi,2014,train,4.336684051443479,358.00922136829655,82.39688154469764,13.951063132194616,3.439736608291882,2.131007270049384,0.16483418091156993,0.27883091404364724,2.0917697664789165,21.840440850455156,2.865758234335919,33.44568661413573,13618.632655226782,48.080401804955876
405,southern_africa_limpopo_zambezi,2015,train,3.3719202443272467,242.28720220771083,35.87024972568318,16.622284470025434,2.993932050727412,1.4421857274268501,0.21021056885624986,0.3352300523103516,3.282605871699164,20.28283167570494,2.6311019187950495,5.330060299231327,741.399564941407,12.228027313919922
406,southern_africa_limpopo_zambezi,2015,train,6.091215058313443,136.25314356909013,16.502789829658603,6.308379322011749,0.9320331429819328,0.8110306164826794,0.17130326069506593,0.14940107672490469,3.15656488478705,22.229142647381202,2.4559472711069104,16.14347955939752,294470.0136096817,59.702722311925164
407,southern_africa_limpopo_zambezi,2015,train,4.6030340259503415,244.43142233727934,38.04081940671469,35.13889971899183,2.2125933764489,1.4549489424838056,0.1958283354279406,0.2030132807959197,2.3629224202809542,35.17908894942284,2.1972986238894467,5.936092547899628,1078.8008800155658,14.585069739591397
408,southern_africa_limpopo_zambezi,2015,train,3.1259032748722726,444.7519638739776,113.495999680521,28.082140461020664,5.928312618322973,2.6473331182974857,0.2141794976827545,0.7733715331312486,3.33411840423579,19.814220388138885,3.7196313707430075,489.95449172458643,707.9611093891559,62.42609808863447
409,southern_africa_limpopo_zambezi,2016,train,4.2888730753462,428.6074556966321,94.63342595076925,60.304066965538034,4.163947888786173,2.551234855337096,0.1450578897751881,0.6439406816762779,3.4979783277709946,24.8568844424714,2.62296519216725,31.23667297237539,82853.10354815592,60.88618457970644
410,southern_africa_limpopo_zambezi,2016,train,7.345693670997017,364.7461556995793,66.47127597328743,32.045522431125086,2.0689341494715103,2.171108069640353,0.15568451003283432,0.884412692590796,3.2993325793183876,23.580627040755573,2.2655103442332485,20.309792049757874,1811.820638831604,30.577916520434297
411,southern_africa_limpopo_zambezi,2016,train,5.580689365889978,213.1394777732574,56.59469619908738,28.2869265771124,1.5913466942214334,1.2686873676979606,0.25263624045134964,0.3168608453416077,4.064649692983976,24.06758591165167,2.140632778466017,48.60586748410051,9584.965311399632,48.11690251980349
412,southern_africa_limpopo_zambezi,2017,train,6.6203768857137755,415.7107199747036,66.52161829956951,58.441351424699505,2.616358599813837,2.4744685712779977,0.15979825043449838,0.43963982984918926,3.4887871253892215,20.928727958559623,1.7606729861868151,9.378097329854553,3388.456838157279,26.306402915776058
413,southern_africa_limpopo_zambezi,2017,train,4.213955510489903,289.99231143009746,53.737339417683025,50.485898281456336,2.867380290602385,1.7261447108934374,0.12846183849809906,0.5696753278472659,2.370126777292736,25.417786809438972,1.775855403572031,18.514565180234662,30.49364982155315,21.419819344063825
414,southern_africa_limpopo_zambezi,2017,train,4.079072445393683,237.76940769690174,61.6270471672676,74.51184437241717,2.42875280757153,1.4152940934339389,0.20173667301329196,0.27252251666708327,3.260115834967457,28.4383936566307,2.2356167792413753,2.390688284021531,17681.881541222636,22.820715162959754
415,southern_africa_limpopo_zambezi,2017,train,4.545368002701868,247.18298721136543,65.47999029870688,23.006107071863646,2.265887190582757,1.471327304829556,0.12526296893164812,0.7478312324979401,2.306190155423939,23.274501301770535,3.235190653864278,5.683116675527179,6459.798069709117,23.68001448810895
416,southern_africa_limpopo_zambezi,2017,train,1.0,317.9804548991391,85.26127128939889,25.595133884517544,13.249185620797462,1.892740802971066,0.23125017014740779,0.3305044704899107,2.3649016481673817,24.908571789195946,2.72687386710422,79.8460902580087,331.6674069565864,39.42221810679024
417,southern_africa_limpopo_zambezi,2018,val,2.7238011435598826,332.12196345442015,79.73949375088102,46.38025236059073,5.0805526595263855,1.9769164491334532,0.20227350746474304,0.6964234545536199,2.28654524834365,28.99203158425737,2.3821782198238135,41.44376000920929,88636.4909627395,63.60533516666443
418,southern_africa_limpopo_zambezi,2018,val,3.636461500591358,228.35066083323582,31.83826835909411,49.91889274963848,2.6164475731433523,1.359230124007356,0.21999711915399706,0.24446066726320745,3.219419456699124,28.771018209791116,4.083363573794603,44.76526986994837,18653.80020942813,52.01732579400858
419,southern_africa_limpopo_zambezi,2018,val,2.623795099030497,177.44688880585485,51.704755454606094,50.66267207382159,2.8179107315363887,1.0562314809872313,0.23419041312340005,0.2870507931941843,2.170753801746161,22.56274579209777,2.3182451664426855,31.686611950906165,8799.441640491543,42.36547848504564
420,southern_africa_limpopo_zambezi,2018,val,6.548069452573663,253.2211790096295,52.00446503395452,52.2959905004877,1.6112966631084875,1.507268922676366,0.17997314755706054,0.42687892787479476,3.407784832528887,17.368349095327545,2.814362347515067,6.3513067854424925,411.1225745022759,12.468341174502772
421,southern_africa_limpopo_zambezi,2018,val,3.231952375437744,321.97849055332773,65.77333481410173,33.57073543723285,4.150980237728572,1.9165386342459985,0.2820538846594067,1.0654851651278072,2.4227583744789727,22.423218333553663,3.3292164373182547,31.722077779853894,409.8753067425399,29.82593715419971
422,southern_africa_limpopo_zambezi,2018,val,4.505877367582044,289.0168121621784,59.934906482694366,39.08393464789134,2.672590971974523,1.7203381676320142,0.20185088181647082,0.3370519747794846,2.1409258453716182,28.248209561144606,1.3873296900868104,46.69130367065281,1321.787590634763,37.37004304809602
423,southern_africa_limpopo_zambezi,2019,val,5.662797166515151,233.49044958635318,47.09419062119621,29.566295631819123,1.718014692507826,1.3898241046806736,0.15062804121123707,0.3997493497007124,3.763800251286936,22.497133963690704,2.1854841375581993,6.880679124000553,2247.5639439927154,19.172319701474322
424,southern_africa_limpopo_zambezi,2019,val,3.010917626012213,132.60282928863532,17.126862578720726,11.640339969966032,1.8350279128506655,0.789302555289496,0.21887196167268178,0.17924428700220674,3.0978494518566113,27.84107184733881,2.736795419268311,149.7247237540919,6790.797153794724,56.84991497482219
425,southern_africa_limpopo_zambezi,2019,val,1.69618810855623,518.7981203732336,151.2039165415911,44.7315725880554,12.744216422602118,3.0880840498406763,0.22658947279341274,0.4647007719684001,3.6902821403734714,23.105683239878164,2.871334926257708,17.16793278069764,36996.139337909866,49.279439076742605
426,southern_africa_limpopo_zambezi,2020,test,3.7721670859340373,191.82347568972594,25.977836064511205,49.80637362100211,2.1188469753126444,1.1418064029150354,0.17853834767823032,0.2603549005290103,2.9036942282557994,24.101121404777086,3.3129192798598806,50.20638348512028,1556.1270306567073,37.6214487955972
427,southern_africa_limpopo_zambezi,2020,test,5.259623391357081,412.44595119669725,79.09020344250494,9.407411915591712,3.2673913487358903,2.4550354237898646,0.20933486589348205,0.5844093667794329,4.2197946668117075,19.461517936801307,2.8226103112793264,23.873292695976556,84577.42993938769,58.02580985894435
428,southern_africa_limpopo_zambezi,2020,test,6.452987978777502,246.5404951123333,64.29172808811319,35.920860074016275,1.5919014049715694,1.467502947097222,0.27807307538858084,0.2047970335664067,2.6435239023516837,17.793061983986036,3.127755126615466,70.26200484054957,88568.66644353383,68.42277877855796
429,southern_africa_limpopo_zambezi,2020,test,1.5423287461409556,214.23155467310548,31.19095540934217,13.388662908024727,5.787556511788099,1.2751878254351516,0.1827715519262516,0.5402595528951265,2.5671017392997624,23.22891416246505,2.76478412371398,52.57402863075388,4839.170140951031,44.5776886844743
430,southern_africa_limpopo_zambezi,2020,test,4.2595699642281355,310.79963998770893,79.66106348204998,62.796795556519875,3.0402094831736144,1.849997857069696,0.26090152422074164,0.3956287220629888,2.5343372996315527,22.04481863129365,1.5055319624837087,25.2178100472123,384.0090937947097,27.110851732921194
431,southern_africa_limpopo_zambezi,2021,test,3.3829564086635786,254.3412625060077,49.80766938854988,41.88082272767296,3.132630552754743,1.513936086345284,0.20035889087181696,0.4509195056425728,3.1432185469561302,27.1579402575573,2.4949764299032013,20.58483775445522,417.663204691752,24.49554338446045
432,southern_africa_limpopo_zambezi,2021,test,2.617737506831661,356.8034274483689,51.48560326373567,37.40864821377897,5.67925906941265,2.12382992528791,0.2931159043423439,0.5154665095622789,3.017737222845971,21.386757378916073,2.9230423839938933,7.7365334630725915,3630.3180508871283,24.28786150822184
433,southern_africa_limpopo_zambezi,2021,test,2.1609074785824967,204.953219283461,37.95012877043422,60.43879671211259,3.9519125898652807,1.2199596385920297,0.117187600775933,0.3788667468847143,2.57080086692246,24.755370910869168,2.7106783098780536,48.84276959694173,21721.62982597515,53.71647060588579
434,southern_africa_limpopo_zambezi,2021,test,4.475389447572681,252.27450420583904,38.61754023292531,48.91482961174647,2.348720217174482,1.5016339536061847,0.21714709241447366,0.22576645095076273,2.9949178480220087,23.43026682404439,3.3609022033818277,13.472238972064304,4974.756490457609,30.690200167970573
435,southern_africa_limpopo_zambezi,2022,test,3.622751590434759,439.3865484843286,76.4440582168678,32.21206978104608,5.053554569364392,2.6153961219305275,0.20969160166289785,0.6242877116660775,2.9290034309954125,25.822650677146484,1.9257656559828913,41.9681382253012,5674.154122159806,45.400013409241375
436,southern_africa_limpopo_zambezi,2023,test,1.933576190611828,290.8682212481208,59.39422119236169,49.40745952438532,6.267924314291855,1.7313584598102427,0.2487593592028408,0.35787082933642483,2.7297977380946765,24.92038897761358,2.5654213317457115,34.37240297988558,2920.0939298617577,37.9504112751038
437,southern_africa_limpopo_zambezi,2023,test,3.1493692788815677,202.9601158317202,35.11850647182238,43.57342781225263,2.6851952705881326,1.2080959275697631,0.2210316220436025,0.5530393219392923,2.512572928416932,25.930500168340416,3.176140896083335,0.6982595112591112,72814.83179432564,24.840388530749962
438,southern_africa_limpopo_zambezi,2023,test,3.3694365123330705,152.3939122607111,44.66132113399964,47.164275525255256,1.884512832028283,0.9071066205994708,0.22730733066725933,0.25149208117345684,2.4047440354977927,22.06284985226151,3.057468821372229,19.031872519324793,15215.607774751108,40.22150328316295
439,southern_africa_limpopo_zambezi,2024,test,2.95740750491514,264.2173672270373,33.45683789819429,41.09471782589002,3.7225363598004106,1.57272242397046,0.17676049973241992,0.6909209271184394,3.1678651833364277,18.522702650480397,2.908614423039173,40.42300831611292,166439.68794939798,67.24224097146974
440,southern_africa_limpopo_zambezi,2024,test,5.343627412407775,220.72120350176309,41.949432134226086,14.457980510217794,1.7210625110611018,1.3138166875104946,0.13594530777035785,0.29513584243171054,3.3234907949967263,25.583480691653843,3.4178091019312413,12.37578694358083,276.50282077114673,17.961713233264867
441,southern_africa_limpopo_zambezi,2024,test,1.0,293.3538310920063,44.08617389949855,62.18932445105693,12.223076295500263,1.7461537565000376,0.219911288553801,0.34050681054973436,2.92353808419142,24.509130257387824,3.00064293118226,29.164312848306146,10809.220247282961,44.382336869720675
442,southern_africa_limpopo_zambezi,2024,test,4.1316461526174635,311.9675554931432,64.2964632295072,15.94562282775017,3.146118439332658,1.8569497350782334,0.21720022079833162,0.6852016925809902,2.4057534989352325,23.28301151585783,1.9535214941317782,30.894598803587623,4401.22520500004,39.39842174411143
